date,country_name,ISO,LT_foreign_currency_rating,rating_value
"Jun. 06, 2021",Australia,AU,AAA,20
"Apr. 07, 2020",Australia,AU,AAA,20
"Sep. 20, 2018",Australia,AU,AAA,20
"Jul. 06, 2016",Australia,AU,AAA,20
"Nov. 01, 2005",Australia,AU,AAA,20
"Feb. 17, 2003",Australia,AU,AAA,20
"Mar. 01, 1985",Australia,AU,AAA,20
"Jun. 06, 1975",Australia,AU,AAA,20
"Dec. 05, 2011",Austria,AT,AAA,20
"Nov. 01, 2005",Austria,AT,AAA,20
"Jul. 27, 1992",Austria,AT,AAA,20
"Jun. 26, 1989",Austria,AT,AAA,20
"Nov. 23, 1981",Austria,AT,AAA,20
"Jul. 09, 1975",Austria,AT,AAA,20
"Nov. 01, 2005",Canada,CA,AAA,20
"Jul. 29, 2002",Canada,CA,AAA,20
"Jun. 26, 1989",Canada,CA,AAA,20
"Oct. 14, 1992",Canada,CA,AAA,20
"Nov. 03, 1951",Canada,CA,AAA,20
"Nov. 01, 2005",Denmark,DK,AAA,20
"Feb. 27, 2001",Denmark,DK,AAA,20
"Mar. 01, 1981",Denmark,DK,AAA,20
"Apr. 11, 2014",Finland,FI,AAA,20
"Jan. 14, 2013",Finland,FI,AAA,20
"Jan. 13, 2012",Finland,FI,AAA,20
"Dec. 05, 2011",Finland,FI,AAA,20
"Nov. 01, 2005",Finland,FI,AAA,20
"Feb. 01, 2002",Finland,FI,AAA,20
"Dec. 18, 1990",Finland,FI,AAA,20
"Jun. 26, 1989",Finland,FI,AAA,20
"Nov. 23, 1981",Finland,FI,AAA,20
"Oct. 04, 1977",Finland,FI,AAA,20
"Dec. 05, 2011",France,FR,AAA,20
"Nov. 01, 2005",France,FR,AAA,20
"Jul. 27, 1992",France,FR,AAA,20
"Jun. 26, 1989",France,FR,AAA,20
"Nov. 23, 1981",France,FR,AAA,20
"Jan. 01, 1981",France,FR,AAA,20
"Jun. 25, 1975",France,FR,AAA,20
"Jan. 13, 2012",Germany,DE,AAA,20
"Dec. 05, 2011",Germany,DE,AAA,20
"Nov. 01, 2005",Germany,DE,AAA,20
"Jul. 27, 1992",Germany,DE,AAA,20
"Jun. 26, 1989",Germany,DE,AAA,20
"Aug. 17, 1983",Germany,DE,AAA,20
"Feb. 10, 2009",Guernsey,GG,AAA,20
"Mar. 31, 2016",Hong Kong,HK,AAA,20
"Dec. 16, 2010",Hong Kong,HK,AAA,20
"Jan. 09, 2009",Ireland,IE,AAA,20
"Nov. 01, 2005",Ireland,IE,AAA,20
"Oct. 03, 2001",Ireland,IE,AAA,20
"Nov. 01, 2005",Isle of Man,IM,AAA,20
"Feb. 29, 2000",Isle of Man,IM,AAA,20
"Jul. 27, 1992",Japan,JP,AAA,20
"Dec. 04, 1991",Japan,JP,AAA,20
"Jun. 26, 1989",Japan,JP,AAA,20
"Feb. 28, 1975",Japan,JP,AAA,20
"Feb. 26, 2016",Liechtenstein,LI,AAA,20
"Feb. 12, 2016",Liechtenstein,LI,AAA,20
"Nov. 01, 2005",Liechtenstein,LI,AAA,20
"Dec. 02, 1996",Liechtenstein,LI,AAA,20
"Jan. 14, 2013",Luxembourg,LU,AAA,20
"Jan. 13, 2012",Luxembourg,LU,AAA,20
"Dec. 05, 2011",Luxembourg,LU,AAA,20
"Nov. 01, 2005",Luxembourg,LU,AAA,20
"Apr. 28, 1994",Luxembourg,LU,AAA,20
"Nov. 20, 2015",Netherlands,NL,AAA,20
"Jan. 13, 2012",Netherlands,NL,AAA,20
"Dec. 05, 2011",Netherlands,NL,AAA,20
"Nov. 01, 2005",Netherlands,NL,AAA,20
"Jul. 27, 1992",Netherlands,NL,AAA,20
"Jun. 26, 1989",Netherlands,NL,AAA,20
"Nov. 01, 1976",New Zealand,NZ,AAA,20
"Nov. 01, 2005",Norway,NO,AAA,20
"Jul. 27, 1992",Norway,NO,AAA,20
"Nov. 21, 1990",Norway,NO,AAA,20
"Nov. 08, 1990",Norway,NO,AAA,20
"Jun. 26, 1989",Norway,NO,AAA,20
"Jul. 09, 1975",Norway,NO,AAA,20
"Nov. 01, 2005",Singapore,SG,AAA,20
"Mar. 06, 1995",Singapore,SG,AAA,20
"Jan. 12, 2009",Spain,ES,AAA,20
"Nov. 01, 2005",Spain,ES,AAA,20
"Dec. 03, 2004",Spain,ES,AAA,20
"Nov. 01, 2005",Sweden,SE,AAA,20
"Feb. 16, 2004",Sweden,SE,AAA,20
"Oct. 31, 1990",Sweden,SE,AAA,20
"Jun. 26, 1989",Sweden,SE,AAA,20
"Apr. 01, 1986",Sweden,SE,AAA,20
"Oct. 27, 1977",Sweden,SE,AAA,20
"Nov. 01, 2005",Switzerland,CH,AAA,20
"Jul. 27, 1992",Switzerland,CH,AAA,20
"Jun. 26, 1989",Switzerland,CH,AAA,20
"Oct. 01, 1988",Switzerland,CH,AAA,20
"Jun. 12, 2015",United Kingdom,GB,AAA,20
"Jun. 13, 2014",United Kingdom,GB,AAA,20
"Dec. 13, 2012",United Kingdom,GB,AAA,20
"Oct. 26, 2010",United Kingdom,GB,AAA,20
"May. 21, 2009",United Kingdom,GB,AAA,20
"Nov. 01, 2005",United Kingdom,GB,AAA,20
"Aug. 03, 1995",United Kingdom,GB,AAA,20
"Oct. 06, 1993",United Kingdom,GB,AAA,20
"Jun. 26, 1989",United Kingdom,GB,AAA,20
"Nov. 20, 1984",United Kingdom,GB,AAA,20
"Apr. 28, 1978",United Kingdom,GB,AAA,20
"Jul. 14, 2011",United States,US,AAA,20
"Apr. 18, 2011",United States,US,AAA,20
"Nov. 01, 2005",United States,US,AAA,20
"Jul. 27, 1992",United States,US,AAA,20
"Sep. 25, 1991",United States,US,AAA,20
"Jan. 01, 1981",United States,US,AAA,20
"Jan. 01, 1975",United States,US,AAA,20
"Jan. 01, 1941",United States,US,AAA,20
"Oct. 05, 1977",Venezuela,VE,AAA,20
"Nov. 1, 2023",Australia,AU,AAA,20
"Nov. 1, 2023",Canada,CA,AAA,20
"Nov. 1, 2023",Denmark,DK,AAA,20
"Nov. 1, 2023",Germany,DE,AAA,20
"Nov. 1, 2023",Liechtenstein,LI,AAA,20
"Nov. 1, 2023",Luxembourg,LU,AAA,20
"Nov. 1, 2023",Netherlands,NL,AAA,20
"Nov. 1, 2023",Norway,NO,AAA,20
"Nov. 1, 2023",Singapore,SG,AAA,20
"Nov. 1, 2023",Sweden,SE,AAA,20
"Nov. 1, 2023",Switzerland,CH,AAA,20
"May. 17, 1999",Australia,AU,AA+,19
"Jun. 26, 1989",Australia,AU,AA+,19
"Dec. 02, 1986",Australia,AU,AA+,19
"Aug. 26, 2022",Austria,AT,AA+,19
"Feb. 25, 2022",Austria,AT,AA+,19
"Jan. 29, 2013",Austria,AT,AA+,19
"Jan. 13, 2012",Austria,AT,AA+,19
"Dec. 14, 2010",Belgium,BE,AA+,19
"Nov. 01, 2005",Belgium,BE,AA+,19
"May. 06, 1998",Belgium,BE,AA+,19
"Aug. 03, 1995",Belgium,BE,AA+,19
"Nov. 26, 1992",Belgium,BE,AA+,19
"Jul. 01, 1992",Belgium,BE,AA+,19
"Jun. 26, 1989",Belgium,BE,AA+,19
"Oct. 26, 1988",Belgium,BE,AA+,19
"Feb. 24, 1997",Canada,CA,AA+,19
"Mar. 03, 1995",Canada,CA,AA+,19
"Oct. 14, 1992",Canada,CA,AA+,19
"May. 13, 1998",Denmark,DK,AA+,19
"Jul. 27, 1992",Denmark,DK,AA+,19
"Oct. 08, 1991",Denmark,DK,AA+,19
"Mar. 07, 1985",Denmark,DK,AA+,19
"Jan. 06, 1983",Denmark,DK,AA+,19
"Sep. 16, 2016",Finland,FI,AA+,19
"Sep. 25, 2015",Finland,FI,AA+,19
"Oct. 10, 2014",Finland,FI,AA+,19
"Oct. 03, 2000",Finland,FI,AA+,19
"Sep. 01, 1999",Finland,FI,AA+,19
"Sep. 16, 1992",Finland,FI,AA+,19
"Mar. 03, 1992",Finland,FI,AA+,19
"Jan. 13, 2012",France,FR,AA+,19
"Nov. 06, 2015",Guernsey,GG,AA+,19
"Oct. 23, 2015",Guernsey,GG,AA+,19
"Oct. 28, 2014",Guernsey,GG,AA+,19
"Nov. 10, 2011",Guernsey,GG,AA+,19
"Sep. 21, 2017",Hong Kong,HK,AA+,19
"Jul. 31, 2008",Hong Kong,HK,AA+,19
"Mar. 30, 2009",Ireland,IE,AA+,19
"Oct. 03, 2000",Ireland,IE,AA+,19
"May. 06, 1998",Ireland,IE,AA+,19
"Nov. 10, 2011",Isle of Man,IM,AA+,19
"Mar. 01, 1993",Italy,IT,AA+,19
"May. 06, 1992",Italy,IT,AA+,19
"May. 30, 1991",Italy,IT,AA+,19
"Jun. 26, 1989",Italy,IT,AA+,19
"Nov. 23, 1988",Italy,IT,AA+,19
"Sep. 11, 2001",Japan,JP,AA+,19
"Feb. 22, 2001",Japan,JP,AA+,19
"Nov. 22, 2013",Jersey,JE,AA+,19
"May. 22, 2015",Netherlands,NL,AA+,19
"Nov. 29, 2013",Netherlands,NL,AA+,19
"Feb. 21, 2021",New Zealand,NZ,AA+,19
"Nov. 21, 2010",New Zealand,NZ,AA+,19
"May. 28, 2009",New Zealand,NZ,AA+,19
"Jan. 12, 2009",New Zealand,NZ,AA+,19
"Apr. 06, 2006",New Zealand,NZ,AA+,19
"Nov. 01, 2005",New Zealand,NZ,AA+,19
"Mar. 06, 2001",New Zealand,NZ,AA+,19
"Sep. 10, 1998",New Zealand,NZ,AA+,19
"Jan. 31, 1996",New Zealand,NZ,AA+,19
"Sep. 18, 1986",New Zealand,NZ,AA+,19
"Apr. 29, 1983",New Zealand,NZ,AA+,19
"Sep. 06, 1991",Singapore,SG,AA+,19
"Dec. 09, 2009",Spain,ES,AA+,19
"Jan. 19, 2009",Spain,ES,AA+,19
"Jul. 30, 2003",Spain,ES,AA+,19
"Mar. 31, 1999",Spain,ES,AA+,19
"Jul. 24, 2000",Sweden,SE,AA+,19
"Apr. 18, 1997",Sweden,SE,AA+,19
"Jan. 12, 1995",Sweden,SE,AA+,19
"Aug. 10, 1993",Sweden,SE,AA+,19
"Mar. 22, 1993",Sweden,SE,AA+,19
"Apr. 29, 2022",Taiwan,TW,AA+,19
"Dec. 06, 2000",Taiwan,TW,AA+,19
"Jun. 24, 1998",Taiwan,TW,AA+,19
"Aug. 02, 1991",Taiwan,TW,AA+,19
"Jun. 10, 2013",United States,US,AA+,19
"Aug. 05, 2011",United States,US,AA+,19
"Nov. 1, 2023",Austria,AT,AA+,19
"Nov. 1, 2023",Finland,FI,AA+,19
"Nov. 1, 2023",Hong Kong,HK,AA+,19
"Nov. 1, 2023",New Zealand,NZ,AA+,19
"Nov. 1, 2023",Taiwan,TW,AA+,19
"Nov. 1, 2023",United States,US,AA+,19
"Jul. 02, 2007",United Arab Emirates,AE,AA,18
"Aug. 16, 2007",Andorra,AD,AA,18
"Nov. 01, 2005",Andorra,AD,AA,18
"Aug. 11, 2004",Andorra,AD,AA,18
"Aug. 22, 1996",Australia,AU,AA,18
"Sep. 03, 1993",Australia,AU,AA,18
"Jul. 27, 1992",Australia,AU,AA,18
"Oct. 24, 1989",Australia,AU,AA,18
"Feb. 28, 2014",Belgium,BE,AA,18
"Jan. 13, 2012",Belgium,BE,AA,18
"Dec. 05, 2011",Belgium,BE,AA,18
"Nov. 25, 2011",Belgium,BE,AA,18
"Sep. 07, 2010",Bermuda,BM,AA,18
"May. 15, 2009",Bermuda,BM,AA,18
"Dec. 28, 2007",Bermuda,BM,AA,18
"Dec. 22, 2006",Bermuda,BM,AA,18
"Apr. 06, 2006",Bermuda,BM,AA,18
"Nov. 01, 2005",Bermuda,BM,AA,18
"Jan. 29, 1999",Bermuda,BM,AA,18
"Jun. 16, 1995",Bermuda,BM,AA,18
"Aug. 24, 1949",Canada,CA,AA,18
"May. 01, 1990",Denmark,DK,AA,18
"Jun. 26, 1989",Denmark,DK,AA,18
"Mar. 16, 1987",Denmark,DK,AA,18
"May. 06, 1998",Finland,FI,AA,18
"Dec. 17, 1996",Finland,FI,AA,18
"Dec. 02, 2022",France,FR,AA,18
"Oct. 21, 2016",France,FR,AA,18
"Oct. 10, 2014",France,FR,AA,18
"Nov. 08, 2013",France,FR,AA,18
"Feb. 12, 2016",Guernsey,GG,AA,18
"Jul. 26, 2007",Hong Kong,HK,AA,18
"Jul. 26, 2006",Hong Kong,HK,AA,18
"May. 19, 2023",Ireland,IE,AA,18
"Jun. 08, 2009",Ireland,IE,AA,18
"May. 03, 1995",Ireland,IE,AA,18
"Feb. 21, 2014",Isle of Man,IM,AA,18
"Jan. 15, 2003",Italy,IT,AA,18
"May. 06, 1998",Italy,IT,AA,18
"May. 03, 1996",Italy,IT,AA,18
"Feb. 15, 1995",Italy,IT,AA,18
"Mar. 02, 1993",Italy,IT,AA,18
"Jan. 26, 2010",Japan,JP,AA,18
"Apr. 23, 2007",Japan,JP,AA,18
"Nov. 27, 2001",Japan,JP,AA,18
"Feb. 12, 2016",Jersey,JE,AA,18
"Aug. 07, 2016",Republic of Korea,KR,AA,18
"Jul. 20, 2011",Kuwait,KW,AA,18
"Jan. 30, 2019",New Zealand,NZ,AA,18
"Sep. 29, 2011",New Zealand,NZ,AA,18
"Nov. 02, 1995",New Zealand,NZ,AA,18
"Dec. 22, 1994",New Zealand,NZ,AA,18
"Jun. 26, 1989",New Zealand,NZ,AA,18
"Nov. 02, 1986",New Zealand,NZ,AA,18
"Oct. 29, 2004",Portugal,PT,AA,18
"Dec. 15, 1998",Portugal,PT,AA,18
"Nov. 04, 2022",Qatar,QA,AA,18
"Mar. 03, 2017",Qatar,QA,AA,18
"Jul. 05, 2010",Qatar,QA,AA,18
"Jun. 26, 1989",Singapore,SG,AA,18
"May. 24, 1989",Singapore,SG,AA,18
"Dec. 22, 2010",Slovenia,SI,AA,18
"May. 16, 2006",Slovenia,SI,AA,18
"Apr. 28, 2010",Spain,ES,AA,18
"May. 06, 1998",Spain,ES,AA,18
"Feb. 06, 1996",Spain,ES,AA,18
"Dec. 11, 1992",Spain,ES,AA,18
"Jun. 26, 1989",Spain,ES,AA,18
"Aug. 01, 1988",Spain,ES,AA,18
"Apr. 22, 2021",Taiwan,TW,AA,18
"Jul. 26, 2001",Taiwan,TW,AA,18
"Jun. 26, 1989",Taiwan,TW,AA,18
"Apr. 20, 1989",Taiwan,TW,AA,18
"Apr. 21, 2023",United Kingdom,GB,AA,18
"Sep. 30, 2022",United Kingdom,GB,AA,18
"Dec. 17, 2019",United Kingdom,GB,AA,18
"Jun. 27, 2016",United Kingdom,GB,AA,18
"Aug. 13, 1982",Venezuela,VE,AA,18
"Nov. 1, 2023",United Arab Emirates,AE,AA,18
"Nov. 1, 2023",Belgium,BE,AA,18
"Nov. 1, 2023",Ireland,IE,AA,18
"Nov. 1, 2023",Republic of Korea,KR,AA,18
"Nov. 1, 2023",Qatar,QA,AA,18
"Nov. 1, 2023",United Kingdom,GB,AA,18
"Nov. 1, 2023",France,FR,AA,18
"Aug. 12, 2008",Andorra,AD,AA-,17
"May. 06, 2003",Andorra,AD,AA-,17
"Mar. 28, 2013",Bermuda,BM,AA-,17
"Dec. 29, 2011",Bermuda,BM,AA-,17
"Jan. 26, 2017",Chile,CL,AA-,17
"Aug. 06, 2015",Chile,CL,AA-,17
"Dec. 26, 2012",Chile,CL,AA-,17
"Mar. 31, 2016",China,CN,AA-,17
"Dec. 16, 2010",China,CN,AA-,17
"Jul. 16, 1996",Cyprus,CY,AA-,17
"Feb. 14, 1994",Cyprus,CY,AA-,17
"Aug. 24, 2011",Czechia,CZ,AA-,17
"Dec. 06, 2022",Estonia,EE,AA-,17
"Mar. 31, 2022",Estonia,EE,AA-,17
"Aug. 20, 2021",Estonia,EE,AA-,17
"Aug. 21, 2020",Estonia,EE,AA-,17
"Feb. 28, 2020",Estonia,EE,AA-,17
"Oct. 19, 2012",Estonia,EE,AA-,17
"Jan. 13, 2012",Estonia,EE,AA-,17
"Dec. 05, 2011",Estonia,EE,AA-,17
"Aug. 09, 2011",Estonia,EE,AA-,17
"Aug. 10, 1995",Finland,FI,AA-,17
"Mar. 11, 1993",Finland,FI,AA-,17
"Jan. 14, 2022",Guernsey,GG,AA-,17
"Jan. 17, 2020",Guernsey,GG,AA-,17
"Jan. 26, 2018",Guernsey,GG,AA-,17
"Jul. 08, 2016",Guernsey,GG,AA-,17
"Apr. 18, 2006",Hong Kong,HK,AA-,17
"Nov. 03, 2005",Hong Kong,HK,AA-,17
"Nov. 01, 2005",Hong Kong,HK,AA-,17
"Jul. 20, 2005",Hong Kong,HK,AA-,17
"Jun. 05, 2006",Iceland,IS,AA-,17
"Apr. 06, 2006",Iceland,IS,AA-,17
"Nov. 01, 2005",Iceland,IS,AA-,17
"Feb. 10, 2005",Iceland,IS,AA-,17
"Nov. 18, 2022",Ireland,IE,AA-,17
"Nov. 29, 2019",Ireland,IE,AA-,17
"Aug. 24, 2010",Ireland,IE,AA-,17
"May. 10, 1994",Ireland,IE,AA-,17
"Jan. 21, 1993",Ireland,IE,AA-,17
"Oct. 12, 1989",Ireland,IE,AA-,17
"Oct. 24, 2023",Israel,IL,AA-,17
"Aug. 03, 2018",Israel,IL,AA-,17
"Nov. 01, 2005",Italy,IT,AA-,17
"Aug. 08, 2005",Italy,IT,AA-,17
"Jul. 07, 2004",Italy,IT,AA-,17
"Apr. 26, 2011",Japan,JP,AA-,17
"Jan. 27, 2011",Japan,JP,AA-,17
"May. 23, 2006",Japan,JP,AA-,17
"Nov. 01, 2005",Japan,JP,AA-,17
"Mar. 23, 2004",Japan,JP,AA-,17
"Apr. 15, 2002",Japan,JP,AA-,17
"Jan. 17, 2020",Jersey,JE,AA-,17
"Jan. 26, 2018",Jersey,JE,AA-,17
"Jul. 08, 2016",Jersey,JE,AA-,17
"Sep. 15, 2015",Republic of Korea,KR,AA-,17
"Aug. 06, 1997",Republic of Korea,KR,AA-,17
"May. 03, 1995",Republic of Korea,KR,AA-,17
"Jul. 17, 2020",Kuwait,KW,AA-,17
"Mar. 26, 2020",Kuwait,KW,AA-,17
"Jul. 16, 2007",Kuwait,KW,AA-,17
"Jul. 07, 1994",New Zealand,NZ,AA-,17
"Apr. 21, 1993",New Zealand,NZ,AA-,17
"Aug. 01, 1992",New Zealand,NZ,AA-,17
"Jan. 22, 1991",New Zealand,NZ,AA-,17
"Jan. 13, 2009",Portugal,PT,AA-,17
"Nov. 01, 2005",Portugal,PT,AA-,17
"Jun. 27, 2005",Portugal,PT,AA-,17
"May. 06, 1998",Portugal,PT,AA-,17
"Oct. 06, 1997",Portugal,PT,AA-,17
"May. 27, 1993",Portugal,PT,AA-,17
"Dec. 07, 2018",Qatar,QA,AA-,17
"Aug. 25, 2017",Qatar,QA,AA-,17
"Jun. 07, 2017",Qatar,QA,AA-,17
"Mar. 06, 2007",Qatar,QA,AA-,17
"Feb. 09, 2015",Saudi Arabia,SA,AA-,17
"Dec. 05, 2014",Saudi Arabia,SA,AA-,17
"Dec. 06, 2013",Saudi Arabia,SA,AA-,17
"May. 29, 2013",Saudi Arabia,SA,AA-,17
"Jul. 16, 2007",Saudi Arabia,SA,AA-,17
"Jun. 14, 2019",Slovenia,SI,AA-,17
"Dec. 05, 2011",Slovenia,SI,AA-,17
"Oct. 19, 2011",Slovenia,SI,AA-,17
"Nov. 01, 2005",Slovenia,SI,AA-,17
"May. 13, 2004",Slovenia,SI,AA-,17
"Dec. 05, 2011",Spain,ES,AA-,17
"Oct. 13, 2011",Spain,ES,AA-,17
"Jun. 10, 2010",Taiwan,TW,AA-,17
"Apr. 14, 2009",Taiwan,TW,AA-,17
"Apr. 11, 2008",Taiwan,TW,AA-,17
"Nov. 03, 2005",Taiwan,TW,AA-,17
"Nov. 01, 2005",Taiwan,TW,AA-,17
"Nov. 30, 2004",Taiwan,TW,AA-,17
"Dec. 18, 2002",Taiwan,TW,AA-,17
"Nov. 1, 2023",Czechia,CZ,AA-,17
"Nov. 1, 2023",Jersey,JE,AA-,17
"Nov. 1, 2023",Slovenia,SI,AA-,17
"Nov. 1, 2023",Estonia,EE,AA-,17
"Nov. 1, 2023",Israel,IL,AA-,17
"May. 26, 2009",Andorra,AD,A+,16
"Apr. 16, 2020",Bermuda,BM,A+,16
"Apr. 27, 2018",Bermuda,BM,A+,16
"Apr. 28, 2015",Bermuda,BM,A+,16
"Apr. 27, 2020",Chile,CL,A+,16
"Jul. 13, 2017",Chile,CL,A+,16
"Dec. 16, 2010",Chile,CL,A+,16
"Dec. 18, 2007",Chile,CL,A+,16
"Sep. 21, 2017",China,CN,A+,16
"Jul. 31, 2008",China,CN,A+,16
"Jul. 21, 2010",Cyprus,CY,A+,16
"Apr. 24, 2008",Cyprus,CY,A+,16
"Nov. 09, 1998",Cyprus,CY,A+,16
"May. 10, 2021",Falkland Is.,FK,A+,16
"Sep. 13, 2004",Greece,GR,A+,16
"Oct. 06, 2003",Greece,GR,A+,16
"Jan. 13, 2023",Guernsey,GG,A+,16
"May. 04, 2005",Hong Kong,HK,A+,16
"Jun. 29, 2004",Hong Kong,HK,A+,16
"Oct. 24, 2002",Hong Kong,HK,A+,16
"Feb. 08, 2001",Hong Kong,HK,A+,16
"Jun. 22, 1998",Hong Kong,HK,A+,16
"May. 14, 1997",Hong Kong,HK,A+,16
"Jun. 26, 1989",Hong Kong,HK,A+,16
"Oct. 23, 1988",Hong Kong,HK,A+,16
"Nov. 10, 2023",Iceland,IS,A+,16
"Apr. 01, 2008",Iceland,IS,A+,16
"Nov. 20, 2007",Iceland,IS,A+,16
"Dec. 22, 2006",Iceland,IS,A+,16
"Dec. 16, 2003",Iceland,IS,A+,16
"Nov. 15, 2002",Iceland,IS,A+,16
"Oct. 22, 2001",Iceland,IS,A+,16
"Mar. 21, 2001",Iceland,IS,A+,16
"May. 27, 1998",Iceland,IS,A+,16
"May. 20, 1998",Iceland,IS,A+,16
"Mar. 15, 1996",Iceland,IS,A+,16
"Jun. 05, 2015",Ireland,IE,A+,16
"Jun. 26, 1989",Ireland,IE,A+,16
"Oct. 01, 1988",Ireland,IE,A+,16
"Aug. 04, 2017",Israel,IL,A+,16
"May. 02, 2013",Israel,IL,A+,16
"Sep. 09, 2011",Israel,IL,A+,16
"May. 20, 2011",Italy,IT,A+,16
"Oct. 19, 2006",Italy,IT,A+,16
"Jun. 09, 2020",Japan,JP,A+,16
"Apr. 13, 2018",Japan,JP,A+,16
"Sep. 16, 2015",Japan,JP,A+,16
"Sep. 19, 2014",Republic of Korea,KR,A+,16
"Sep. 13, 2012",Republic of Korea,KR,A+,16
"Oct. 24, 1997",Republic of Korea,KR,A+,16
"Nov. 09, 1994",Republic of Korea,KR,A+,16
"Jun. 09, 1994",Republic of Korea,KR,A+,16
"Jun. 26, 1989",Republic of Korea,KR,A+,16
"Oct. 01, 1988",Republic of Korea,KR,A+,16
"Jul. 15, 2022",Kuwait,KW,A+,16
"Jul. 16, 2021",Kuwait,KW,A+,16
"Apr. 06, 2006",Kuwait,KW,A+,16
"Nov. 01, 2005",Kuwait,KW,A+,16
"Apr. 04, 2002",Kuwait,KW,A+,16
"Dec. 06, 2022",Latvia,LV,A+,16
"Feb. 21, 2020",Latvia,LV,A+,16
"Dec. 02, 2022",Lithuania,LT,A+,16
"Feb. 21, 2020",Lithuania,LT,A+,16
"Sep. 25, 1997",Malaysia,MY,A+,16
"Aug. 18, 1997",Malaysia,MY,A+,16
"Mar. 28, 1996",Malaysia,MY,A+,16
"Dec. 29, 1994",Malaysia,MY,A+,16
"Jun. 19, 1998",Malta,MT,A+,16
"May. 06, 1996",Malta,MT,A+,16
"Dec. 07, 2009",Portugal,PT,A+,16
"Jan. 21, 2009",Portugal,PT,A+,16
"Oct. 25, 1991",Portugal,PT,A+,16
"Apr. 06, 2006",Qatar,QA,A+,16
"Nov. 01, 2005",Qatar,QA,A+,16
"Sep. 13, 2005",Qatar,QA,A+,16
"Jun. 21, 2004",Qatar,QA,A+,16
"Jul. 15, 2003",Qatar,QA,A+,16
"Oct. 30, 2015",Saudi Arabia,SA,A+,16
"Apr. 06, 2006",Saudi Arabia,SA,A+,16
"Apr. 05, 2006",Saudi Arabia,SA,A+,16
"May. 19, 2023",Slovakia,SK,A+,16
"May. 20, 2022",Slovakia,SK,A+,16
"Jan. 22, 2021",Slovakia,SK,A+,16
"Jul. 24, 2020",Slovakia,SK,A+,16
"Jul. 31, 2015",Slovakia,SK,A+,16
"Dec. 05, 2011",Slovakia,SK,A+,16
"Aug. 24, 2011",Slovakia,SK,A+,16
"Nov. 27, 2008",Slovakia,SK,A+,16
"Jun. 15, 2018",Slovenia,SI,A+,16
"Jun. 16, 2017",Slovenia,SI,A+,16
"Jan. 13, 2012",Slovenia,SI,A+,16
"Mar. 26, 2003",Slovenia,SI,A+,16
"Nov. 1, 2023",Bermuda,BM,A+,16
"Nov. 1, 2023",China,CN,A+,16
"Nov. 1, 2023",Falkland Is.,FK,A+,16
"Nov. 1, 2023",Guernsey,GG,A+,16
"Nov. 1, 2023",Iceland,IS,A+,16
"Nov. 1, 2023",Japan,JP,A+,16
"Nov. 1, 2023",Kuwait,KW,A+,16
"Nov. 1, 2023",Slovakia,SK,A+,16
"Nov. 1, 2023",Latvia,LV,A+,16
"Nov. 1, 2023",Lithuania,LT,A+,16
"Jun. 14, 2010",Andorra,AD,A,15
"Apr. 06, 2006",Bahrain,BH,A,15
"Apr. 04, 2006",Bahrain,BH,A,15
"Feb. 19, 2009",Botswana,BW,A,15
"Apr. 06, 2006",Botswana,BW,A,15
"Nov. 01, 2005",Botswana,BW,A,15
"Apr. 02, 2001",Botswana,BW,A,15
"Oct. 19, 2023",Chile,CL,A,15
"Mar. 24, 2021",Chile,CL,A,15
"Dec. 14, 2006",Chile,CL,A,15
"Nov. 03, 2005",Chile,CL,A,15
"Nov. 01, 2005",Chile,CL,A,15
"Jan. 14, 2004",Chile,CL,A,15
"Jul. 26, 2007",China,CN,A,15
"Jul. 27, 2006",China,CN,A,15
"Nov. 16, 2010",Cyprus,CY,A,15
"Jul. 10, 2007",Cyprus,CY,A,15
"Mar. 29, 2007",Cyprus,CY,A,15
"Nov. 01, 2005",Cyprus,CY,A,15
"Dec. 01, 2004",Cyprus,CY,A,15
"Feb. 19, 2004",Cyprus,CY,A,15
"Aug. 12, 2003",Cyprus,CY,A,15
"Dec. 03, 1999",Cyprus,CY,A,15
"Aug. 10, 2010",Czechia,CZ,A,15
"Oct. 02, 2007",Czechia,CZ,A,15
"Jun. 30, 1998",Czechia,CZ,A,15
"Nov. 07, 1995",Czechia,CZ,A,15
"Apr. 21, 2011",Estonia,EE,A,15
"Jun. 10, 2010",Estonia,EE,A,15
"Apr. 21, 2009",Estonia,EE,A,15
"Feb. 24, 2009",Estonia,EE,A,15
"Jul. 02, 2007",Estonia,EE,A,15
"Jul. 17, 2006",Estonia,EE,A,15
"Nov. 01, 2005",Estonia,EE,A,15
"Jul. 21, 2005",Estonia,EE,A,15
"Nov. 17, 2004",Estonia,EE,A,15
"Jan. 09, 2009",Greece,GR,A,15
"Nov. 01, 2005",Greece,GR,A,15
"Nov. 17, 2004",Greece,GR,A,15
"Mar. 13, 2001",Greece,GR,A,15
"Dec. 07, 1999",Hong Kong,HK,A,15
"Aug. 31, 1998",Hong Kong,HK,A,15
"Feb. 13, 1995",Hong Kong,HK,A,15
"Sep. 07, 1993",Hong Kong,HK,A,15
"Dec. 07, 1992",Hong Kong,HK,A,15
"Dec. 04, 1992",Hong Kong,HK,A,15
"Jul. 27, 1992",Hong Kong,HK,A,15
"Feb. 12, 1990",Hong Kong,HK,A,15
"Feb. 09, 1990",Hong Kong,HK,A,15
"May. 12, 2023",Iceland,IS,A,15
"Mar. 17, 2017",Iceland,IS,A,15
"Apr. 17, 2008",Iceland,IS,A,15
"Jun. 26, 1989",Iceland,IS,A,15
"Feb. 14, 1989",Iceland,IS,A,15
"Dec. 05, 2014",Ireland,IE,A,15
"Nov. 23, 2010",Ireland,IE,A,15
"Oct. 30, 2008",Israel,IL,A,15
"Nov. 27, 2007",Israel,IL,A,15
"Dec. 05, 2011",Italy,IT,A,15
"Sep. 19, 2011",Italy,IT,A,15
"Nov. 03, 2005",Republic of Korea,KR,A,15
"Nov. 01, 2005",Republic of Korea,KR,A,15
"Jul. 27, 2005",Republic of Korea,KR,A,15
"Oct. 23, 1997",Kuwait,KW,A,15
"Sep. 21, 2018",Latvia,LV,A,15
"Mar. 02, 2018",Lithuania,LT,A,15
"Jan. 21, 2008",Lithuania,LT,A,15
"May. 23, 2007",Lithuania,LT,A,15
"May. 18, 2006",Lithuania,LT,A,15
"Dec. 05, 2005",Lithuania,LT,A,15
"Dec. 23, 1997",Malaysia,MY,A,15
"Jun. 29, 1993",Malaysia,MY,A,15
"Jan. 18, 1993",Malaysia,MY,A,15
"Jul. 08, 1991",Malaysia,MY,A,15
"Dec. 05, 2011",Malta,MT,A,15
"Jul. 10, 2007",Malta,MT,A,15
"Nov. 01, 2005",Malta,MT,A,15
"May. 12, 2005",Malta,MT,A,15
"Aug. 22, 2003",Malta,MT,A,15
"May. 02, 2000",Malta,MT,A,15
"Mar. 10, 1999",Malta,MT,A,15
"Mar. 14, 1994",Malta,MT,A,15
"Dec. 05, 2014",Oman,OM,A,15
"Dec. 20, 2013",Oman,OM,A,15
"Jul. 02, 2012",Oman,OM,A,15
"Jul. 20, 2011",Oman,OM,A,15
"Mar. 07, 2011",Oman,OM,A,15
"Jan. 23, 2007",Oman,OM,A,15
"Jun. 26, 1989",Portugal,PT,A,15
"Oct. 01, 1988",Portugal,PT,A,15
"Apr. 24, 2020",United Arab Emirates,AE,A,15
"Nov. 30, 2018",United Arab Emirates,AE,A,15
"Jul. 20, 2018",United Arab Emirates,AE,A,15
"Oct. 31, 2014",United Arab Emirates,AE,A,15
"May. 09, 2014",United Arab Emirates,AE,A,15
"Jan. 23, 2008",United Arab Emirates,AE,A,15
"Mar. 17, 2023",Saudi Arabia,SA,A,15
"Jan. 05, 2006",Saudi Arabia,SA,A,15
"Nov. 01, 2005",Saudi Arabia,SA,A,15
"Jul. 14, 2003",Saudi Arabia,SA,A,15
"Aug. 05, 2016",United Arab Emirates,AE,A,15
"Jan. 08, 2014",United Arab Emirates,AE,A,15
"Aug. 01, 2014",Slovakia,SK,A,15
"Jan. 13, 2012",Slovakia,SK,A,15
"Mar. 03, 2008",Slovakia,SK,A,15
"Dec. 19, 2005",Slovakia,SK,A,15
"Dec. 16, 2016",Slovenia,SI,A,15
"Jun. 17, 2016",Slovenia,SI,A,15
"Nov. 06, 2012",Slovenia,SI,A,15
"Aug. 03, 2012",Slovenia,SI,A,15
"Oct. 23, 2002",Slovenia,SI,A,15
"Jan. 15, 1998",Slovenia,SI,A,15
"May. 08, 1996",Slovenia,SI,A,15
"Mar. 18, 2022",Spain,ES,A,15
"Sep. 18, 2020",Spain,ES,A,15
"Sep. 20, 2019",Spain,ES,A,15
"Jan. 13, 2012",Spain,ES,A,15
"Aug. 01, 1997",Thailand,TH,A,15
"May. 02, 1996",Thailand,TH,A,15
"Dec. 29, 1994",Thailand,TH,A,15
"Dec. 24, 2015",Trinidad and Tobago,TT,A,15
"Aug. 04, 2011",Trinidad and Tobago,TT,A,15
"Sep. 14, 2009",Trinidad and Tobago,TT,A,15
"Feb. 03, 2009",Trinidad and Tobago,TT,A,15
"Aug. 15, 2008",Trinidad and Tobago,TT,A,15
"Nov. 1, 2023",Saudi Arabia,SA,A,15
"Nov. 1, 2023",Spain,ES,A,15
"Nov. 1, 2023",Chile,CL,A,15
"Dec. 03, 2012",Andorra,AD,A-,14
"Aug. 24, 2012",Aruba,AW,A-,14
"Nov. 17, 2011",Aruba,AW,A-,14
"Nov. 02, 2010",Aruba,AW,A-,14
"May. 29, 2008",Aruba,AW,A-,14
"Nov. 24, 2008",Bahamas,BS,A-,14
"Jan. 28, 2008",Bahamas,BS,A-,14
"Aug. 01, 2007",Bahamas,BS,A-,14
"Apr. 06, 2006",Bahamas,BS,A-,14
"Nov. 01, 2005",Bahamas,BS,A-,14
"Dec. 03, 2003",Bahamas,BS,A-,14
"Feb. 21, 2011",Bahrain,BH,A-,14
"Nov. 01, 2005",Bahrain,BH,A-,14
"Dec. 02, 2003",Bahrain,BH,A-,14
"Jul. 15, 2002",Bahrain,BH,A-,14
"Aug. 20, 2003",Barbados,BB,A-,14
"Dec. 17, 1999",Barbados,BB,A-,14
"Oct. 27, 2017",Botswana,BW,A-,14
"Apr. 29, 2016",Botswana,BW,A-,14
"Nov. 23, 2011",Botswana,BW,A-,14
"Feb. 15, 2010",Botswana,BW,A-,14
"Apr. 16, 2002",Chile,CL,A-,14
"Jul. 11, 1995",Chile,CL,A-,14
"Nov. 03, 2005",China,CN,A-,14
"Nov. 01, 2005",China,CN,A-,14
"Jul. 19, 2005",China,CN,A-,14
"Mar. 23, 2018",Cura√ßao,CW,A-,14
"Jun. 14, 2013",Cura√ßao,CW,A-,14
"Nov. 15, 2012",Cura√ßao,CW,A-,14
"Nov. 21, 2011",Cura√ßao,CW,A-,14
"Mar. 30, 2011",Cyprus,CY,A-,14
"Nov. 30, 2005",Czechia,CZ,A-,14
"Nov. 01, 2005",Czechia,CZ,A-,14
"Sep. 03, 2004",Czechia,CZ,A-,14
"Nov. 05, 2002",Czechia,CZ,A-,14
"Nov. 05, 1998",Czechia,CZ,A-,14
"Feb. 11, 2010",Estonia,EE,A-,14
"Aug. 10, 2009",Estonia,EE,A-,14
"Dec. 18, 2003",Estonia,EE,A-,14
"Nov. 20, 2001",Estonia,EE,A-,14
"Dec. 07, 2009",Greece,GR,A-,14
"Jan. 14, 2009",Greece,GR,A-,14
"Nov. 24, 1999",Greece,GR,A-,14
"Jan. 26, 2006",Hungary,HU,A-,14
"Nov. 01, 2005",Hungary,HU,A-,14
"May. 27, 2005",Hungary,HU,A-,14
"Nov. 19, 2002",Hungary,HU,A-,14
"Dec. 19, 2000",Hungary,HU,A-,14
"Jan. 13, 2017",Iceland,IS,A-,14
"Sep. 29, 2008",Iceland,IS,A-,14
"Jun. 06, 2014",Ireland,IE,A-,14
"Feb. 02, 2011",Ireland,IE,A-,14
"Feb. 13, 2007",Israel,IL,A-,14
"Apr. 06, 2006",Israel,IL,A-,14
"Nov. 01, 2005",Israel,IL,A-,14
"Jan. 11, 2005",Israel,IL,A-,14
"Oct. 31, 2002",Israel,IL,A-,14
"Apr. 11, 2002",Israel,IL,A-,14
"Oct. 23, 2000",Israel,IL,A-,14
"Feb. 15, 2000",Israel,IL,A-,14
"Aug. 01, 1996",Israel,IL,A-,14
"Dec. 04, 1995",Israel,IL,A-,14
"Jul. 24, 2002",Republic of Korea,KR,A-,14
"Nov. 25, 1997",Republic of Korea,KR,A-,14
"Sep. 22, 2017",Latvia,LV,A-,14
"May. 30, 2014",Latvia,LV,A-,14
"Feb. 19, 2007",Latvia,LV,A-,14
"Nov. 01, 2005",Latvia,LV,A-,14
"Jul. 29, 2004",Latvia,LV,A-,14
"Mar. 18, 2009",Libya,LY,A-,14
"Sep. 01, 2017",Lithuania,LT,A-,14
"Oct. 03, 2014",Lithuania,LT,A-,14
"Apr. 11, 2014",Lithuania,LT,A-,14
"Jan. 30, 2008",Lithuania,LT,A-,14
"Nov. 01, 2005",Lithuania,LT,A-,14
"Feb. 01, 2005",Lithuania,LT,A-,14
"Feb. 05, 2004",Lithuania,LT,A-,14
"Jun. 27, 2022",Malaysia,MY,A-,14
"Jun. 26, 2020",Malaysia,MY,A-,14
"Jul. 27, 2011",Malaysia,MY,A-,14
"May. 15, 2008",Malaysia,MY,A-,14
"Jul. 31, 2007",Malaysia,MY,A-,14
"Nov. 03, 2005",Malaysia,MY,A-,14
"Nov. 01, 2005",Malaysia,MY,A-,14
"Oct. 07, 2003",Malaysia,MY,A-,14
"Apr. 17, 1998",Malaysia,MY,A-,14
"Jun. 26, 1989",Malaysia,MY,A-,14
"Mar. 08, 1989",Malaysia,MY,A-,14
"Mar. 13, 2020",Malta,MT,A-,14
"Sep. 29, 2017",Malta,MT,A-,14
"Oct. 14, 2016",Malta,MT,A-,14
"Jan. 13, 2012",Malta,MT,A-,14
"Feb. 09, 2015",Oman,OM,A-,14
"Sep. 18, 2006",Oman,OM,A-,14
"Oct. 12, 2018",Poland,PL,A-,14
"Feb. 06, 2015",Poland,PL,A-,14
"Oct. 27, 2008",Poland,PL,A-,14
"Feb. 21, 2008",Poland,PL,A-,14
"Mar. 29, 2007",Poland,PL,A-,14
"Nov. 30, 2010",Portugal,PT,A-,14
"Apr. 27, 2010",Portugal,PT,A-,14
"May. 13, 2002",Qatar,QA,A-,14
"Oct. 13, 2023",United Arab Emirates,AE,A-,14
"Oct. 23, 2020",United Arab Emirates,AE,A-,14
"Mar. 25, 2022",Saudi Arabia,SA,A-,14
"Feb. 17, 2016",Saudi Arabia,SA,A-,14
"Nov. 01, 2005",Slovakia,SK,A-,14
"Dec. 13, 2004",Slovakia,SK,A-,14
"Jun. 19, 2015",Slovenia,SI,A-,14
"Dec. 19, 2014",Slovenia,SI,A-,14
"Jun. 27, 2014",Slovenia,SI,A-,14
"Feb. 12, 2013",Slovenia,SI,A-,14
"Mar. 23, 2018",Spain,ES,A-,14
"Sep. 03, 1997",Thailand,TH,A-,14
"Dec. 08, 1992",Thailand,TH,A-,14
"May. 19, 1992",Thailand,TH,A-,14
"Feb. 26, 1991",Thailand,TH,A-,14
"Jun. 26, 1989",Thailand,TH,A-,14
"Apr. 22, 2016",Trinidad and Tobago,TT,A-,14
"Sep. 27, 2007",Trinidad and Tobago,TT,A-,14
"Apr. 06, 2006",Trinidad and Tobago,TT,A-,14
"Nov. 01, 2005",Trinidad and Tobago,TT,A-,14
"Jul. 21, 2005",Trinidad and Tobago,TT,A-,14
"Feb. 11, 1983",Venezuela,VE,A-,14
"Nov. 1, 2023",Malaysia,MY,A-,14
"Nov. 1, 2023",Malta,MT,A-,14
"Nov. 1, 2023",Poland,PL,A-,14
"May. 12, 2023",Andorra,AD,BBB+,13
"Jul. 15, 2022",Andorra,AD,BBB+,13
"Oct. 03, 2014",Andorra,AD,BBB+,13
"Apr. 16, 2020",Aruba,AW,BBB+,13
"Aug. 06, 2019",Aruba,AW,BBB+,13
"Jun. 25, 2018",Aruba,AW,BBB+,13
"Jun. 14, 2017",Aruba,AW,BBB+,13
"Jun. 06, 2016",Aruba,AW,BBB+,13
"Jun. 14, 2013",Aruba,AW,BBB+,13
"Dec. 23, 2009",Bahamas,BS,BBB+,13
"Apr. 08, 2009",Barbados,BB,BBB+,13
"Jul. 26, 2006",Barbados,BB,BBB+,13
"Apr. 06, 2006",Barbados,BB,BBB+,13
"Nov. 01, 2005",Barbados,BB,BBB+,13
"Jul. 29, 2005",Barbados,BB,BBB+,13
"Aug. 05, 2004",Barbados,BB,BBB+,13
"Sep. 17, 2021",Botswana,BW,BBB+,13
"Sep. 18, 2020",Botswana,BW,BBB+,13
"Mar. 27, 2020",Botswana,BW,BBB+,13
"Oct. 23, 2008",Bulgaria,BG,BBB+,13
"Oct. 26, 2006",Bulgaria,BG,BBB+,13
"Dec. 20, 1993",Chile,CL,BBB+,13
"Feb. 18, 2004",China,CN,BBB+,13
"Jul. 16, 1998",China,CN,BBB+,13
"May. 14, 1997",China,CN,BBB+,13
"Sep. 15, 2023",Croatia,HR,BBB+,13
"Jul. 14, 2022",Croatia,HR,BBB+,13
"Feb. 18, 2019",Cura√ßao,CW,BBB+,13
"Aug. 12, 2011",Cyprus,CY,BBB+,13
"Jul. 29, 2011",Cyprus,CY,BBB+,13
"Jul. 18, 1994",Czechia,CZ,BBB+,13
"Dec. 21, 2000",Estonia,EE,BBB+,13
"Dec. 11, 1997",Estonia,EE,BBB+,13
"Mar. 16, 2010",Greece,GR,BBB+,13
"Dec. 16, 2009",Greece,GR,BBB+,13
"Oct. 15, 2008",Hungary,HU,BBB+,13
"Mar. 14, 2008",Hungary,HU,BBB+,13
"Dec. 21, 2006",Hungary,HU,BBB+,13
"Jun. 15, 2006",Hungary,HU,BBB+,13
"Feb. 02, 2000",Hungary,HU,BBB+,13
"Jan. 15, 2016",Iceland,IS,BBB+,13
"Jul. 12, 2013",Ireland,IE,BBB+,13
"Feb. 11, 2013",Ireland,IE,BBB+,13
"Jan. 13, 2012",Ireland,IE,BBB+,13
"Dec. 05, 2011",Ireland,IE,BBB+,13
"Apr. 01, 2011",Ireland,IE,BBB+,13
"Sep. 21, 1993",Israel,IL,BBB+,13
"Jan. 13, 2012",Italy,IT,BBB+,13
"Jun. 13, 2014",Kazakhstan,KZ,BBB+,13
"Nov. 07, 2011",Kazakhstan,KZ,BBB+,13
"Nov. 13, 2001",Republic of Korea,KR,BBB+,13
"Dec. 13, 2013",Latvia,LV,BBB+,13
"Jul. 19, 2013",Latvia,LV,BBB+,13
"Jun. 10, 2013",Latvia,LV,BBB+,13
"May. 17, 2007",Latvia,LV,BBB+,13
"Jul. 29, 2003",Latvia,LV,BBB+,13
"Aug. 20, 2002",Latvia,LV,BBB+,13
"Feb. 22, 2011",Libya,LY,BBB+,13
"Feb. 24, 2009",Lithuania,LT,BBB+,13
"Oct. 27, 2008",Lithuania,LT,BBB+,13
"Jul. 29, 2003",Lithuania,LT,BBB+,13
"Feb. 17, 2003",Lithuania,LT,BBB+,13
"Aug. 19, 2002",Malaysia,MY,BBB+,13
"Jul. 24, 1998",Malaysia,MY,BBB+,13
"Jul. 10, 2015",Malta,MT,BBB+,13
"Jan. 16, 2013",Malta,MT,BBB+,13
"Mar. 01, 2019",Mexico,MX,BBB+,13
"Dec. 18, 2017",Mexico,MX,BBB+,13
"Jul. 18, 2017",Mexico,MX,BBB+,13
"Aug. 23, 2016",Mexico,MX,BBB+,13
"Dec. 19, 2013",Mexico,MX,BBB+,13
"May. 11, 2009",Mexico,MX,BBB+,13
"Oct. 08, 2007",Mexico,MX,BBB+,13
"Nov. 20, 2015",Oman,OM,BBB+,13
"Apr. 06, 2006",Oman,OM,BBB+,13
"Nov. 01, 2005",Oman,OM,BBB+,13
"Nov. 22, 2004",Oman,OM,BBB+,13
"Apr. 24, 2020",Panama,PA,BBB+,13
"Apr. 29, 2019",Panama,PA,BBB+,13
"Oct. 14, 2021",Peru,PE,BBB+,13
"Aug. 19, 2013",Peru,PE,BBB+,13
"Apr. 30, 2019",Philippines,PH,BBB+,13
"Apr. 13, 2018",Poland,PL,BBB+,13
"Dec. 02, 2016",Poland,PL,BBB+,13
"Jan. 15, 2016",Poland,PL,BBB+,13
"Apr. 24, 2006",Poland,PL,BBB+,13
"Nov. 01, 2005",Poland,PL,BBB+,13
"Mar. 22, 2005",Poland,PL,BBB+,13
"Oct. 07, 2004",Poland,PL,BBB+,13
"Nov. 05, 2003",Poland,PL,BBB+,13
"Jun. 23, 2003",Poland,PL,BBB+,13
"Jul. 31, 2002",Poland,PL,BBB+,13
"Aug. 22, 2001",Poland,PL,BBB+,13
"Apr. 12, 2001",Poland,PL,BBB+,13
"May. 15, 2000",Poland,PL,BBB+,13
"Sep. 08, 2023",Portugal,PT,BBB+,13
"Sep. 09, 2022",Portugal,PT,BBB+,13
"Mar. 09, 2001",Qatar,QA,BBB+,13
"Oct. 23, 2008",Russia,RU,BBB+,13
"Sep. 19, 2008",Russia,RU,BBB+,13
"Mar. 11, 2008",Russia,RU,BBB+,13
"Sep. 04, 2006",Russia,RU,BBB+,13
"Jan. 27, 2017",United Arab Emirates,AE,BBB+,13
"Mar. 02, 2004",Slovakia,SK,BBB+,13
"Mar. 28, 2012",South Africa,ZA,BBB+,13
"Jan. 25, 2011",South Africa,ZA,BBB+,13
"Nov. 11, 2008",South Africa,ZA,BBB+,13
"Nov. 03, 2005",South Africa,ZA,BBB+,13
"Nov. 01, 2005",South Africa,ZA,BBB+,13
"Aug. 01, 2005",South Africa,ZA,BBB+,13
"Mar. 31, 2017",Spain,ES,BBB+,13
"Oct. 02, 2015",Spain,ES,BBB+,13
"Apr. 26, 2012",Spain,ES,BBB+,13
"Apr. 13, 2020",Thailand,TH,BBB+,13
"Dec. 11, 2019",Thailand,TH,BBB+,13
"Dec. 09, 2010",Thailand,TH,BBB+,13
"Apr. 14, 2009",Thailand,TH,BBB+,13
"Dec. 01, 2008",Thailand,TH,BBB+,13
"Oct. 31, 2006",Thailand,TH,BBB+,13
"Sep. 19, 2006",Thailand,TH,BBB+,13
"Nov. 03, 2005",Thailand,TH,BBB+,13
"Nov. 01, 2005",Thailand,TH,BBB+,13
"Aug. 26, 2004",Thailand,TH,BBB+,13
"Apr. 27, 2018",Trinidad and Tobago,TT,BBB+,13
"Apr. 21, 2017",Trinidad and Tobago,TT,BBB+,13
"Jun. 16, 2004",Trinidad and Tobago,TT,BBB+,13
"Jun. 28, 2018",Turks and Caicos Is.,TC,BBB+,13
"Jun. 28, 2017",Turks and Caicos Is.,TC,BBB+,13
"Jul. 01, 2014",Turks and Caicos Is.,TC,BBB+,13
"Apr. 26, 2023",Uruguay,UY,BBB+,13
"Nov. 1, 2023",Botswana,BW,BBB+,13
"Nov. 1, 2023",Philippines,PH,BBB+,13
"Nov. 1, 2023",Thailand,TH,BBB+,13
"Nov. 1, 2023",Turks and Caicos Is.,TC,BBB+,13
"Nov. 1, 2023",Uruguay,UY,BBB+,13
"Nov. 1, 2023",Andorra,AD,BBB+,13
"Nov. 1, 2023",Croatia,HR,BBB+,13
"Nov. 1, 2023",Portugal,PT,BBB+,13
"Jan. 14, 2022",Andorra,AD,BBB,12
"Apr. 24, 2020",Andorra,AD,BBB,12
"Jul. 19, 2019",Andorra,AD,BBB,12
"Jul. 28, 2017",Andorra,AD,BBB,12
"Mar. 12, 2015",Andorra,AD,BBB,12
"Mar. 15, 2021",Aruba,AW,BBB,12
"Feb. 27, 1957",Australia,AU,BBB,12
"Jul. 02, 2015",Bahamas,BS,BBB,12
"Sep. 24, 2012",Bahamas,BS,BBB,12
"Jul. 09, 2012",Bahamas,BS,BBB,12
"Oct. 31, 2011",Bahamas,BS,BBB,12
"Dec. 12, 2014",Bahrain,BH,BBB,12
"Dec. 12, 2013",Bahrain,BH,BBB,12
"Jan. 28, 2013",Bahrain,BH,BBB,12
"Jul. 20, 2012",Bahrain,BH,BBB,12
"Jul. 20, 2011",Bahrain,BH,BBB,12
"Mar. 18, 2011",Bahrain,BH,BBB,12
"Nov. 13, 2009",Barbados,BB,BBB,12
"Jun. 10, 2009",Barbados,BB,BBB,12
"Jun. 06, 2013",Brazil,BR,BBB,12
"Jul. 09, 2012",Brazil,BR,BBB,12
"Nov. 17, 2011",Brazil,BR,BBB,12
"Nov. 24, 2023",Bulgaria,BG,BBB,12
"May. 29, 2020",Bulgaria,BG,BBB,12
"Nov. 29, 2019",Bulgaria,BG,BBB,12
"Dec. 13, 2013",Bulgaria,BG,BBB,12
"Aug. 10, 2012",Bulgaria,BG,BBB,12
"Dec. 01, 2009",Bulgaria,BG,BBB,12
"Oct. 30, 2008",Bulgaria,BG,BBB,12
"Nov. 01, 2005",Bulgaria,BG,BBB,12
"Oct. 27, 2005",Bulgaria,BG,BBB,12
"Nov. 30, 1992",Chile,CL,BBB,12
"Aug. 17, 1992",Chile,CL,BBB,12
"Apr. 15, 2003",China,CN,BBB,12
"Jul. 20, 1999",China,CN,BBB,12
"Jul. 19, 1993",China,CN,BBB,12
"Feb. 20, 1992",China,CN,BBB,12
"Feb. 16, 2016",Colombia,CO,BBB,12
"Apr. 24, 2013",Colombia,CO,BBB,12
"Mar. 16, 2009",Croatia,HR,BBB,12
"Oct. 27, 2008",Croatia,HR,BBB,12
"Apr. 06, 2006",Croatia,HR,BBB,12
"Nov. 01, 2005",Croatia,HR,BBB,12
"Dec. 22, 2004",Croatia,HR,BBB,12
"Mar. 10, 2020",Cura√ßao,CW,BBB,12
"Sep. 01, 2023",Cyprus,CY,BBB,12
"Sep. 02, 2022",Cyprus,CY,BBB,12
"Oct. 27, 2011",Cyprus,CY,BBB,12
"Jul. 28, 1993",Czechia,CZ,BBB,12
"Nov. 30, 1998",Greece,GR,BBB,12
"Mar. 01, 1990",Greece,GR,BBB,12
"Jun. 26, 1989",Greece,GR,BBB,12
"Sep. 09, 1988",Greece,GR,BBB,12
"Aug. 12, 2022",Hungary,HU,BBB,12
"Apr. 28, 2020",Hungary,HU,BBB,12
"Feb. 14, 2020",Hungary,HU,BBB,12
"Feb. 15, 2019",Hungary,HU,BBB,12
"Nov. 17, 2008",Hungary,HU,BBB,12
"Dec. 11, 1998",Hungary,HU,BBB,12
"Jul. 17, 2015",Iceland,IS,BBB,12
"Oct. 06, 2008",Iceland,IS,BBB,12
"Sep. 13, 1990",India,IN,BBB,12
"Apr. 27, 2022",Indonesia,ID,BBB,12
"Apr. 17, 2020",Indonesia,ID,BBB,12
"May. 31, 2019",Indonesia,ID,BBB,12
"May. 30, 1996",Indonesia,ID,BBB,12
"Apr. 18, 1995",Indonesia,ID,BBB,12
"Jan. 19, 1993",Israel,IL,BBB,12
"Jul. 26, 2022",Italy,IT,BBB,12
"Oct. 22, 2021",Italy,IT,BBB,12
"Oct. 23, 2020",Italy,IT,BBB,12
"Oct. 26, 2018",Italy,IT,BBB,12
"Oct. 27, 2017",Italy,IT,BBB,12
"Jul. 09, 2013",Italy,IT,BBB,12
"Feb. 22, 1959",Japan,JP,BBB,12
"Feb. 09, 2015",Kazakhstan,KZ,BBB,12
"Dec. 23, 2010",Kazakhstan,KZ,BBB,12
"Oct. 02, 2007",Kazakhstan,KZ,BBB,12
"Nov. 02, 2006",Kazakhstan,KZ,BBB,12
"Nov. 11, 1999",Republic of Korea,KR,BBB,12
"Nov. 09, 2012",Latvia,LV,BBB,12
"Oct. 27, 2008",Latvia,LV,BBB,12
"Aug. 09, 2001",Latvia,LV,BBB,12
"Jan. 16, 1997",Latvia,LV,BBB,12
"Oct. 25, 2013",Lithuania,LT,BBB,12
"Aug. 31, 2012",Lithuania,LT,BBB,12
"Feb. 03, 2010",Lithuania,LT,BBB,12
"Aug. 17, 2009",Lithuania,LT,BBB,12
"Aug. 10, 2009",Lithuania,LT,BBB,12
"Mar. 24, 2009",Lithuania,LT,BBB,12
"Apr. 22, 2002",Lithuania,LT,BBB,12
"Mar. 04, 2002",Malaysia,MY,BBB,12
"Apr. 04, 2001",Malaysia,MY,BBB,12
"Aug. 31, 2000",Malaysia,MY,BBB,12
"Nov. 10, 1999",Malaysia,MY,BBB,12
"Jul. 06, 2022",Mexico,MX,BBB,12
"Mar. 26, 2020",Mexico,MX,BBB,12
"Mar. 12, 2013",Mexico,MX,BBB,12
"Jul. 09, 2012",Mexico,MX,BBB,12
"Jul. 28, 2011",Mexico,MX,BBB,12
"Dec. 14, 2009",Mexico,MX,BBB,12
"Jul. 02, 2007",Mexico,MX,BBB,12
"Nov. 03, 2005",Mexico,MX,BBB,12
"Nov. 01, 2005",Mexico,MX,BBB,12
"Jan. 31, 2005",Mexico,MX,BBB,12
"Feb. 27, 2001",Oman,OM,BBB,12
"Nov. 07, 2023",Panama,PA,BBB,12
"Aug. 11, 2023",Panama,PA,BBB,12
"Aug. 04, 2021",Panama,PA,BBB,12
"Nov. 24, 2020",Panama,PA,BBB,12
"Jul. 02, 2018",Panama,PA,BBB,12
"Jul. 02, 2012",Panama,PA,BBB,12
"Dec. 12, 2022",Peru,PE,BBB,12
"Mar. 18, 2022",Peru,PE,BBB,12
"Aug. 29, 2012",Peru,PE,BBB,12
"Jul. 09, 2012",Peru,PE,BBB,12
"Aug. 30, 2011",Peru,PE,BBB,12
"Apr. 26, 2018",Philippines,PH,BBB,12
"May. 08, 2014",Philippines,PH,BBB,12
"Jun. 10, 1999",Poland,PL,BBB,12
"Apr. 24, 2020",Portugal,PT,BBB,12
"Sep. 13, 2019",Portugal,PT,BBB,12
"Mar. 15, 2019",Portugal,PT,BBB,12
"Mar. 24, 2011",Portugal,PT,BBB,12
"Jan. 05, 1999",Qatar,QA,BBB,12
"Feb. 01, 1996",Qatar,QA,BBB,12
"Mar. 20, 2014",Russia,RU,BBB,12
"Jun. 27, 2012",Russia,RU,BBB,12
"Dec. 21, 2009",Russia,RU,BBB,12
"Dec. 08, 2008",Russia,RU,BBB,12
"Dec. 15, 2005",Russia,RU,BBB,12
"Apr. 24, 2020",United Arab Emirates,AE,BBB,12
"Feb. 14, 2020",United Arab Emirates,AE,BBB,12
"Dec. 19, 2002",Slovakia,SK,BBB,12
"Oct. 12, 2012",South Africa,ZA,BBB,12
"May. 07, 2003",South Africa,ZA,BBB,12
"May. 23, 2014",Spain,ES,BBB,12
"Oct. 08, 2003",Thailand,TH,BBB,12
"Oct. 24, 1997",Thailand,TH,BBB,12
"Jul. 09, 2019",Trinidad and Tobago,TT,BBB,12
"Apr. 02, 2003",Trinidad and Tobago,TT,BBB,12
"Jan. 18, 2011",Tunisia,TN,BBB,12
"Apr. 01, 2009",Tunisia,TN,BBB,12
"Apr. 06, 2006",Tunisia,TN,BBB,12
"Nov. 01, 2005",Tunisia,TN,BBB,12
"Mar. 21, 2000",Tunisia,TN,BBB,12
"May. 03, 1993",Turkey,TR,BBB,12
"May. 04, 1992",Turkey,TR,BBB,12
"May. 30, 2017",Uruguay,UY,BBB,12
"Jun. 06, 2016",Uruguay,UY,BBB,12
"Jun. 05, 2015",Uruguay,UY,BBB,12
"Nov. 1, 2023",Aruba,AW,BBB,12
"Nov. 1, 2023",Indonesia,ID,BBB,12
"Nov. 1, 2023",Italy,IT,BBB,12
"Nov. 1, 2023",Mexico,MX,BBB,12
"Nov. 1, 2023",Bulgaria,BG,BBB,12
"Nov. 1, 2023",Cyprus,CY,BBB,12
"Nov. 1, 2023",Panama,PA,BBB,12
"Nov. 1, 2023",Peru,PE,BBB,12
"Jul. 29, 2016",Andorra,AD,BBB-,11
"Jun. 24, 2015",Andorra,AD,BBB-,11
"Mar. 27, 2015",Andorra,AD,BBB-,11
"Jan. 30, 2015",Azerbaijan,AZ,BBB-,11
"Dec. 23, 2011",Azerbaijan,AZ,BBB-,11
"Aug. 25, 2015",Bahamas,BS,BBB-,11
"Feb. 09, 2015",Bahrain,BH,BBB-,11
"Nov. 21, 2011",Barbados,BB,BBB-,11
"Oct. 22, 2010",Barbados,BB,BBB-,11
"Jul. 28, 2015",Brazil,BR,BBB-,11
"Mar. 24, 2014",Brazil,BR,BBB-,11
"Aug. 25, 2011",Brazil,BR,BBB-,11
"May. 23, 2011",Brazil,BR,BBB-,11
"Apr. 30, 2008",Brazil,BR,BBB-,11
"Jun. 01, 2018",Bulgaria,BG,BBB-,11
"Dec. 01, 2017",Bulgaria,BG,BBB-,11
"Jun. 13, 2014",Bulgaria,BG,BBB-,11
"Feb. 10, 2005",Bulgaria,BG,BBB-,11
"Jun. 24, 2004",Bulgaria,BG,BBB-,11
"Mar. 26, 2020",Colombia,CO,BBB-,11
"Dec. 11, 2017",Colombia,CO,BBB-,11
"Aug. 15, 2012",Colombia,CO,BBB-,11
"Mar. 16, 2011",Colombia,CO,BBB-,11
"Jun. 11, 1999",Colombia,CO,BBB-,11
"May. 05, 1998",Colombia,CO,BBB-,11
"Oct. 07, 1997",Colombia,CO,BBB-,11
"Aug. 24, 1995",Colombia,CO,BBB-,11
"Sep. 21, 1994",Colombia,CO,BBB-,11
"Jun. 22, 1993",Colombia,CO,BBB-,11
"Mar. 22, 2019",Croatia,HR,BBB-,11
"Dec. 21, 2010",Croatia,HR,BBB-,11
"Jun. 23, 2004",Croatia,HR,BBB-,11
"Feb. 09, 2001",Croatia,HR,BBB-,11
"Jun. 03, 1999",Croatia,HR,BBB-,11
"Jun. 30, 1998",Croatia,HR,BBB-,11
"Jan. 17, 1997",Croatia,HR,BBB-,11
"Feb. 22, 2022",Cura√ßao,CW,BBB-,11
"Oct. 14, 2020",Cura√ßao,CW,BBB-,11
"Sep. 03, 2021",Cyprus,CY,BBB-,11
"Sep. 14, 2018",Cyprus,CY,BBB-,11
"Jun. 22, 2001",Egypt,EG,BBB-,11
"Jul. 03, 2000",Egypt,EG,BBB-,11
"Jan. 15, 1997",Egypt,EG,BBB-,11
"Oct. 20, 2023",Greece,GR,BBB-,11
"Mar. 26, 1997",Greece,GR,BBB-,11
"Mar. 08, 1994",Greece,GR,BBB-,11
"Jan. 13, 1993",Greece,GR,BBB-,11
"Jul. 19, 1990",Greece,GR,BBB-,11
"Jan. 27, 2023",Hungary,HU,BBB-,11
"Aug. 25, 2017",Hungary,HU,BBB-,11
"Sep. 16, 2016",Hungary,HU,BBB-,11
"Nov. 11, 2011",Hungary,HU,BBB-,11
"Jul. 23, 2010",Hungary,HU,BBB-,11
"Oct. 02, 2009",Hungary,HU,BBB-,11
"Mar. 30, 2009",Hungary,HU,BBB-,11
"Jan. 22, 1998",Hungary,HU,BBB-,11
"Jul. 27, 1997",Hungary,HU,BBB-,11
"Oct. 28, 1996",Hungary,HU,BBB-,11
"Jul. 18, 2014",Iceland,IS,BBB-,11
"Jan. 24, 2014",Iceland,IS,BBB-,11
"Jul. 26, 2013",Iceland,IS,BBB-,11
"Nov. 23, 2011",Iceland,IS,BBB-,11
"May. 17, 2011",Iceland,IS,BBB-,11
"Apr. 13, 2011",Iceland,IS,BBB-,11
"Mar. 30, 2010",Iceland,IS,BBB-,11
"Jan. 05, 2010",Iceland,IS,BBB-,11
"Dec. 31, 2009",Iceland,IS,BBB-,11
"Nov. 24, 2008",Iceland,IS,BBB-,11
"Sep. 26, 2014",India,IN,BBB-,11
"Apr. 25, 2012",India,IN,BBB-,11
"Mar. 18, 2010",India,IN,BBB-,11
"Feb. 24, 2009",India,IN,BBB-,11
"Jan. 30, 2007",India,IN,BBB-,11
"Mar. 07, 1991",India,IN,BBB-,11
"May. 19, 2017",Indonesia,ID,BBB-,11
"Oct. 10, 1997",Indonesia,ID,BBB-,11
"Jul. 20, 1992",Indonesia,ID,BBB-,11
"Oct. 10, 1991",Israel,IL,BBB-,11
"Jun. 26, 1989",Israel,IL,BBB-,11
"Oct. 26, 1988",Israel,IL,BBB-,11
"Dec. 05, 2014",Italy,IT,BBB-,11
"Mar. 03, 2023",Kazakhstan,KZ,BBB-,11
"Sep. 02, 2022",Kazakhstan,KZ,BBB-,11
"Sep. 07, 2018",Kazakhstan,KZ,BBB-,11
"Sep. 08, 2017",Kazakhstan,KZ,BBB-,11
"Feb. 17, 2016",Kazakhstan,KZ,BBB-,11
"May. 08, 2009",Kazakhstan,KZ,BBB-,11
"Apr. 29, 2008",Kazakhstan,KZ,BBB-,11
"Oct. 08, 2007",Kazakhstan,KZ,BBB-,11
"Jun. 13, 2006",Kazakhstan,KZ,BBB-,11
"Nov. 03, 2005",Kazakhstan,KZ,BBB-,11
"Nov. 01, 2005",Kazakhstan,KZ,BBB-,11
"May. 20, 2004",Kazakhstan,KZ,BBB-,11
"Jan. 25, 1999",Republic of Korea,KR,BBB-,11
"Dec. 11, 1997",Republic of Korea,KR,BBB-,11
"May. 02, 2012",Latvia,LV,BBB-,11
"Nov. 10, 2008",Latvia,LV,BBB-,11
"Jun. 09, 1997",Lithuania,LT,BBB-,11
"Mar. 31, 1999",Malaysia,MY,BBB-,11
"Sep. 15, 1998",Malaysia,MY,BBB-,11
"Jul. 21, 2023",Mauritius,MU,BBB-,11
"Feb. 07, 2002",Mexico,MX,BBB-,11
"Sep. 02, 2011",Montserrat,MS,BBB-,11
"Jun. 04, 2010",Montserrat,MS,BBB-,11
"Jan. 05, 2006",Montserrat,MS,BBB-,11
"Nov. 01, 2005",Montserrat,MS,BBB-,11
"Oct. 11, 2004",Montserrat,MS,BBB-,11
"Oct. 02, 2020",Morocco,MA,BBB-,11
"Oct. 04, 2019",Morocco,MA,BBB-,11
"Oct. 05, 2018",Morocco,MA,BBB-,11
"May. 16, 2014",Morocco,MA,BBB-,11
"Nov. 15, 2013",Morocco,MA,BBB-,11
"Oct. 11, 2012",Morocco,MA,BBB-,11
"Jul. 13, 2011",Morocco,MA,BBB-,11
"Mar. 23, 2010",Morocco,MA,BBB-,11
"Nov. 11, 2016",Oman,OM,BBB-,11
"Feb. 17, 2016",Oman,OM,BBB-,11
"Dec. 10, 1999",Oman,OM,BBB-,11
"Mar. 18, 1999",Oman,OM,BBB-,11
"Feb. 01, 1996",Oman,OM,BBB-,11
"Jul. 21, 2011",Panama,PA,BBB-,11
"May. 25, 2010",Panama,PA,BBB-,11
"Aug. 23, 2010",Peru,PE,BBB-,11
"Jul. 14, 2008",Peru,PE,BBB-,11
"May. 02, 2013",Philippines,PH,BBB-,11
"Jun. 03, 1997",Poland,PL,BBB-,11
"Apr. 10, 1996",Poland,PL,BBB-,11
"Sep. 14, 2018",Portugal,PT,BBB-,11
"Sep. 15, 2017",Portugal,PT,BBB-,11
"Dec. 05, 2011",Portugal,PT,BBB-,11
"Mar. 29, 2011",Portugal,PT,BBB-,11
"Apr. 16, 2021",Romania,RO,BBB-,11
"Dec. 10, 2019",Romania,RO,BBB-,11
"May. 16, 2014",Romania,RO,BBB-,11
"Nov. 05, 2007",Romania,RO,BBB-,11
"Apr. 05, 2007",Romania,RO,BBB-,11
"Sep. 05, 2006",Romania,RO,BBB-,11
"Nov. 01, 2005",Romania,RO,BBB-,11
"Sep. 06, 2005",Romania,RO,BBB-,11
"Feb. 23, 2018",Russia,RU,BBB-,11
"Dec. 23, 2014",Russia,RU,BBB-,11
"Apr. 25, 2014",Russia,RU,BBB-,11
"Nov. 03, 2005",Russia,RU,BBB-,11
"Nov. 01, 2005",Russia,RU,BBB-,11
"Jan. 31, 2005",Russia,RU,BBB-,11
"Jan. 24, 2023",United Arab Emirates,AE,BBB-,11
"Apr. 22, 2022",United Arab Emirates,AE,BBB-,11
"Oct. 23, 2020",United Arab Emirates,AE,BBB-,11
"Oct. 30, 2001",Slovakia,SK,BBB-,11
"Apr. 07, 1998",Slovakia,SK,BBB-,11
"Jun. 24, 1997",Slovakia,SK,BBB-,11
"Apr. 11, 1996",Slovakia,SK,BBB-,11
"Dec. 02, 2016",South Africa,ZA,BBB-,11
"Dec. 04, 2015",South Africa,ZA,BBB-,11
"Jun. 13, 2014",South Africa,ZA,BBB-,11
"Nov. 12, 2002",South Africa,ZA,BBB-,11
"Feb. 25, 2000",South Africa,ZA,BBB-,11
"Nov. 29, 2013",Spain,ES,BBB-,11
"Oct. 10, 2012",Spain,ES,BBB-,11
"Dec. 04, 2019",Saint Helena,SH,BBB-,11
"Aug. 20, 2002",Thailand,TH,BBB-,11
"May. 05, 1999",Thailand,TH,BBB-,11
"Jan. 08, 1998",Thailand,TH,BBB-,11
"Jul. 21, 2022",Trinidad and Tobago,TT,BBB-,11
"Jul. 27, 2021",Trinidad and Tobago,TT,BBB-,11
"Mar. 26, 2020",Trinidad and Tobago,TT,BBB-,11
"Feb. 26, 2002",Trinidad and Tobago,TT,BBB-,11
"Sep. 13, 1999",Trinidad and Tobago,TT,BBB-,11
"Jul. 28, 2011",Tunisia,TN,BBB-,11
"Mar. 16, 2011",Tunisia,TN,BBB-,11
"Apr. 10, 1997",Tunisia,TN,BBB-,11
"Jan. 14, 1994",Turkey,TR,BBB-,11
"Apr. 03, 2012",Uruguay,UY,BBB-,11
"Jan. 11, 2002",Uruguay,UY,BBB-,11
"Jun. 18, 1997",Uruguay,UY,BBB-,11
"Nov. 1, 2023",Cura√ßao,CW,BBB-,11
"Nov. 1, 2023",Greece,GR,BBB-,11
"Nov. 1, 2023",Hungary,HU,BBB-,11
"Nov. 1, 2023",India,IN,BBB-,11
"Nov. 1, 2023",Kazakhstan,KZ,BBB-,11
"Nov. 1, 2023",Mauritius,MU,BBB-,11
"Nov. 1, 2023",Montserrat,MS,BBB-,11
"Nov. 1, 2023",Romania,RO,BBB-,11
"Nov. 1, 2023",United Arab Emirates,AE,BBB-,11
"Nov. 1, 2023",Saint Helena,SH,BBB-,11
"Nov. 1, 2023",Trinidad and Tobago,TT,BBB-,11
"Jan. 22, 2021",Azerbaijan,AZ,BB+,10
"Oct. 23, 2020",Azerbaijan,AZ,BB+,10
"Jan. 26, 2018",Azerbaijan,AZ,BB+,10
"Jul. 29, 2016",Azerbaijan,AZ,BB+,10
"Jan. 29, 2016",Azerbaijan,AZ,BB+,10
"Dec. 14, 2009",Azerbaijan,AZ,BB+,10
"Dec. 16, 2008",Azerbaijan,AZ,BB+,10
"Mar. 12, 2020",Bahamas,BS,BB+,10
"Dec. 20, 2016",Bahamas,BS,BB+,10
"Jul. 18, 2013",Barbados,BB,BB+,10
"Jul. 17, 2012",Barbados,BB,BB+,10
"Sep. 09, 2015",Brazil,BR,BB+,10
"May. 16, 2007",Brazil,BR,BB+,10
"Jun. 02, 2017",Bulgaria,BG,BB+,10
"Dec. 12, 2014",Bulgaria,BG,BB+,10
"May. 22, 2003",Bulgaria,BG,BB+,10
"May. 19, 2021",Colombia,CO,BB+,10
"Jul. 07, 2010",Colombia,CO,BB+,10
"Mar. 05, 2007",Colombia,CO,BB+,10
"Apr. 10, 2000",Colombia,CO,BB+,10
"Sep. 21, 1999",Colombia,CO,BB+,10
"Sep. 21, 2018",Croatia,HR,BB+,10
"Mar. 23, 2018",Croatia,HR,BB+,10
"Aug. 02, 2013",Croatia,HR,BB+,10
"Dec. 14, 2012",Croatia,HR,BB+,10
"Sep. 15, 2017",Cyprus,CY,BB+,10
"Mar. 17, 2017",Cyprus,CY,BB+,10
"Jan. 13, 2012",Cyprus,CY,BB+,10
"Nov. 03, 2005",Egypt,EG,BB+,10
"Nov. 01, 2005",Egypt,EG,BB+,10
"Mar. 14, 2005",Egypt,EG,BB+,10
"Aug. 22, 2003",Egypt,EG,BB+,10
"May. 22, 2002",Egypt,EG,BB+,10
"Sep. 17, 2008",El Salvador,SV,BB+,10
"Nov. 01, 2005",El Salvador,SV,BB+,10
"Jan. 22, 2001",El Salvador,SV,BB+,10
"Apr. 29, 1999",El Salvador,SV,BB+,10
"Apr. 21, 2023",Greece,GR,BB+,10
"Apr. 22, 2022",Greece,GR,BB+,10
"Dec. 02, 2010",Greece,GR,BB+,10
"Apr. 27, 2010",Greece,GR,BB+,10
"Mar. 20, 2015",Hungary,HU,BB+,10
"Dec. 21, 2011",Hungary,HU,BB+,10
"Feb. 01, 1996",Hungary,HU,BB+,10
"Apr. 11, 1995",Hungary,HU,BB+,10
"Feb. 06, 1995",Hungary,HU,BB+,10
"Apr. 15, 1994",Hungary,HU,BB+,10
"Apr. 20, 1992",Hungary,HU,BB+,10
"Apr. 19, 2006",India,IN,BB+,10
"Nov. 03, 2005",India,IN,BB+,10
"Nov. 01, 2005",India,IN,BB+,10
"Feb. 02, 2005",India,IN,BB+,10
"May. 22, 1998",India,IN,BB+,10
"Oct. 06, 1997",India,IN,BB+,10
"Oct. 01, 1996",India,IN,BB+,10
"Sep. 29, 1991",India,IN,BB+,10
"May. 29, 1991",India,IN,BB+,10
"May. 21, 2015",Indonesia,ID,BB+,10
"May. 02, 2013",Indonesia,ID,BB+,10
"Apr. 08, 2011",Indonesia,ID,BB+,10
"Dec. 31, 1997",Indonesia,ID,BB+,10
"May. 28, 2003",Kazakhstan,KZ,BB+,10
"Jan. 04, 1999",Republic of Korea,KR,BB+,10
"Feb. 18, 1998",Republic of Korea,KR,BB+,10
"Mar. 09, 2011",Latvia,LV,BB+,10
"Dec. 07, 2010",Latvia,LV,BB+,10
"Jun. 08, 2009",Latvia,LV,BB+,10
"Feb. 24, 2009",Latvia,LV,BB+,10
"Mar. 13, 2000",Mexico,MX,BB+,10
"Dec. 23, 1994",Mexico,MX,BB+,10
"Nov. 18, 1993",Mexico,MX,BB+,10
"Nov. 03, 1992",Mexico,MX,BB+,10
"Jul. 30, 1992",Mexico,MX,BB+,10
"Apr. 14, 2008",Montenegro,ME,BB+,10
"Mar. 27, 2007",Montenegro,ME,BB+,10
"Apr. 02, 2021",Morocco,MA,BB+,10
"Apr. 11, 2008",Morocco,MA,BB+,10
"Mar. 26, 2007",Morocco,MA,BB+,10
"Apr. 06, 2006",Morocco,MA,BB+,10
"Nov. 01, 2005",Morocco,MA,BB+,10
"Aug. 09, 2005",Morocco,MA,BB+,10
"Dec. 01, 2008",North Macedonia,MK,BB+,10
"Apr. 06, 2006",North Macedonia,MK,BB+,10
"Nov. 01, 2005",North Macedonia,MK,BB+,10
"Aug. 23, 2005",North Macedonia,MK,BB+,10
"Sep. 29, 2023",Oman,OM,BB+,10
"May. 12, 2017",Oman,OM,BB+,10
"Nov. 09, 2009",Panama,PA,BB+,10
"Feb. 26, 2008",Panama,PA,BB+,10
"Jul. 06, 2000",Panama,PA,BB+,10
"Dec. 10, 1999",Panama,PA,BB+,10
"Apr. 22, 1997",Panama,PA,BB+,10
"Jan. 22, 1997",Panama,PA,BB+,10
"Jul. 23, 2007",Peru,PE,BB+,10
"Nov. 20, 2006",Peru,PE,BB+,10
"Dec. 20, 2012",Philippines,PH,BB+,10
"Jul. 04, 2012",Philippines,PH,BB+,10
"Oct. 28, 2002",Philippines,PH,BB+,10
"Apr. 04, 2002",Philippines,PH,BB+,10
"Oct. 19, 2000",Philippines,PH,BB+,10
"Jan. 06, 1999",Philippines,PH,BB+,10
"Feb. 23, 1998",Philippines,PH,BB+,10
"Sep. 26, 1997",Philippines,PH,BB+,10
"Feb. 21, 1997",Philippines,PH,BB+,10
"Sep. 18, 2015",Portugal,PT,BB+,10
"Nov. 22, 2013",Romania,RO,BB+,10
"Nov. 29, 2011",Romania,RO,BB+,10
"Mar. 09, 2010",Romania,RO,BB+,10
"Oct. 27, 2008",Romania,RO,BB+,10
"Feb. 01, 2005",Romania,RO,BB+,10
"Sep. 14, 2004",Romania,RO,BB+,10
"Feb. 25, 2022",Russia,RU,BB+,10
"Sep. 16, 2017",Russia,RU,BB+,10
"Mar. 17, 2017",Russia,RU,BB+,10
"Sep. 16, 2016",Russia,RU,BB+,10
"Jan. 26, 2015",Russia,RU,BB+,10
"Jan. 27, 2004",Russia,RU,BB+,10
"Jun. 10, 2022",Serbia,RS,BB+,10
"Dec. 10, 2021",Serbia,RS,BB+,10
"May. 01, 2020",Serbia,RS,BB+,10
"Dec. 13, 2019",Serbia,RS,BB+,10
"Nov. 09, 2000",Slovakia,SK,BB+,10
"Nov. 12, 1999",Slovakia,SK,BB+,10
"Sep. 17, 1998",Slovakia,SK,BB+,10
"Apr. 05, 1995",Slovakia,SK,BB+,10
"Apr. 03, 2017",South Africa,ZA,BB+,10
"Mar. 06, 1998",South Africa,ZA,BB+,10
"Nov. 20, 1995",South Africa,ZA,BB+,10
"Jul. 02, 1998",Trinidad and Tobago,TT,BB+,10
"Mar. 14, 1996",Trinidad and Tobago,TT,BB+,10
"May. 06, 2016",Turkey,TR,BB+,10
"May. 08, 2015",Turkey,TR,BB+,10
"Feb. 07, 2014",Turkey,TR,BB+,10
"Mar. 27, 2013",Turkey,TR,BB+,10
"Jul. 25, 2011",Uruguay,UY,BB+,10
"Feb. 14, 2002",Uruguay,UY,BB+,10
"Nov. 22, 1995",Uruguay,UY,BB+,10
"Feb. 14, 1994",Uruguay,UY,BB+,10
"May. 26, 2022",Vietnam,VN,BB+,10
"Nov. 1, 2023",Azerbaijan,AZ,BB+,10
"Nov. 1, 2023",Colombia,CO,BB+,10
"Nov. 1, 2023",Morocco,MA,BB+,10
"Nov. 1, 2023",Oman,OM,BB+,10
"Nov. 1, 2023",Serbia,RS,BB+,10
"Nov. 1, 2023",Vietnam,VN,BB+,10
"Jul. 12, 2011",Angola,AO,BB-,9
"Mar. 19, 2001",Argentina,AR,BB-,9
"Nov. 14, 2000",Argentina,AR,BB-,9
"Mar. 08, 1995",Argentina,AR,BB-,9
"Sep. 01, 1994",Argentina,AR,BB-,9
"Aug. 22, 1994",Argentina,AR,BB-,9
"Feb. 04, 1994",Argentina,AR,BB-,9
"Aug. 25, 1993",Argentina,AR,BB-,9
"Aug. 25, 2023",Armenia,AM,BB-,9
"Nov. 12, 2020",Bahamas,BS,BB-,9
"Jun. 02, 2017",Bahrain,BH,BB-,9
"Dec. 09, 2016",Bahrain,BH,BB-,9
"July. 24, 2023",Bangladesh,BD,BB-,9
"Apr. 05, 2010",Bangladesh,BD,BB-,9
"Nov. 20, 2013",Barbados,BB,BB-,9
"Jul. 25, 2002",Belize,BZ,BB-,9
"Oct. 23, 2001",Belize,BZ,BB-,9
"Dec. 16, 2019",Bolivia,BO,BB-,9
"May. 24, 2018",Bolivia,BO,BB-,9
"May. 18, 2012",Bolivia,BO,BB-,9
"Jul. 06, 1998",Bolivia,BO,BB-,9
"Jun. 14, 2023",Brazil,BR,BB-,9
"Apr. 06, 2020",Brazil,BR,BB-,9
"Dec. 11, 2019",Brazil,BR,BB-,9
"Jan. 11, 2018",Brazil,BR,BB-,9
"Nov. 08, 2005",Brazil,BR,BB-,9
"Nov. 03, 2005",Brazil,BR,BB-,9
"Nov. 01, 2005",Brazil,BR,BB-,9
"Sep. 17, 2004",Brazil,BR,BB-,9
"Aug. 09, 2001",Brazil,BR,BB-,9
"Jan. 03, 2001",Brazil,BR,BB-,9
"Sep. 10, 1998",Brazil,BR,BB-,9
"Apr. 02, 1997",Brazil,BR,BB-,9
"Nov. 07, 2001",Bulgaria,BG,BB-,9
"Dec. 20, 2010",Cook Is.,CK,BB-,9
"Mar. 15, 2006",Cook Is.,CK,BB-,9
"Nov. 01, 2005",Cook Is.,CK,BB-,9
"Apr. 05, 2005",Cook Is.,CK,BB-,9
"Feb. 17, 2005",Cook Is.,CK,BB-,9
"Oct. 05, 2004",Cook Is.,CK,BB-,9
"Oct. 27, 2023",Costa Rica,CR,BB-,9
"Feb. 25, 2016",Costa Rica,CR,BB-,9
"Jul. 06, 2021",Cote d'Ivoire,CI,BB-,9
"Sep. 25, 2015",Cyprus,CY,BB-,9
"Dec. 02, 2021",Dominican Rep.,DO,BB-,9
"Apr. 16, 2020",Dominican Rep.,DO,BB-,9
"May. 20, 2015",Dominican Rep.,DO,BB-,9
"May. 15, 2003",Dominican Rep.,DO,BB-,9
"Sep. 05, 2001",Dominican Rep.,DO,BB-,9
"Oct. 18, 2011",Egypt,EG,BB-,9
"Dec. 21, 2012",El Salvador,SV,BB-,9
"Jan. 14, 2011",El Salvador,SV,BB-,9
"Jun. 18, 2020",Fiji,FJ,BB-,9
"Aug. 22, 2019",Fiji,FJ,BB-,9
"Nov. 02, 2006",Fiji,FJ,BB-,9
"Aug. 25, 2006",Fiji,FJ,BB-,9
"Sep. 06, 2013",Gabon,GA,BB-,9
"Sep. 07, 2012",Gabon,GA,BB-,9
"Nov. 08, 2007",Gabon,GA,BB-,9
"Apr. 12, 2019",Georgia,GE,BB-,9
"May. 13, 2016",Georgia,GE,BB-,9
"Nov. 22, 2011",Georgia,GE,BB-,9
"Apr. 24, 2020",Greece,GR,BB-,9
"Oct. 25, 2019",Greece,GR,BB-,9
"Mar. 29, 2011",Greece,GR,BB-,9
"Mar. 22, 2002",Grenada,GD,BB-,9
"Apr. 19, 2022",Guatemala,GT,BB-,9
"Nov. 26, 2020",Guatemala,GT,BB-,9
"Nov. 20, 2020",Guatemala,GT,BB-,9
"Oct. 18, 2017",Guatemala,GT,BB-,9
"Nov. 03, 2005",Guatemala,GT,BB-,9
"Nov. 01, 2005",Guatemala,GT,BB-,9
"May. 09, 2003",Guatemala,GT,BB-,9
"Sep. 29, 2023",Honduras,HN,BB-,9
"Jul. 21, 2022",Honduras,HN,BB-,9
"Jul. 18, 2017",Honduras,HN,BB-,9
"Oct. 23, 2009",Indonesia,ID,BB-,9
"Jul. 26, 2006",Indonesia,ID,BB-,9
"Sep. 13, 2023",Jamaica,JM,BB-,9
"Apr. 22, 2016",Jordan,JO,BB-,9
"Oct. 31, 2014",Jordan,JO,BB-,9
"May. 20, 2013",Jordan,JO,BB-,9
"Apr. 30, 2002",Jordan,JO,BB-,9
"Apr. 09, 2001",Jordan,JO,BB-,9
"Oct. 27, 1999",Jordan,JO,BB-,9
"Feb. 01, 1999",Jordan,JO,BB-,9
"Sep. 26, 1996",Jordan,JO,BB-,9
"Jul. 28, 2000",Kazakhstan,KZ,BB-,9
"Nov. 05, 1996",Kazakhstan,KZ,BB-,9
"Jun. 07, 2000",Lebanon,LB,BB-,9
"Feb. 05, 1998",Lebanon,LB,BB-,9
"Feb. 26, 1997",Lebanon,LB,BB-,9
"Apr. 16, 2013",Mongolia,MN,BB-,9
"Oct. 29, 2012",Mongolia,MN,BB-,9
"Dec. 19, 2011",Mongolia,MN,BB-,9
"Nov. 20, 2009",Mongolia,MN,BB-,9
"Dec. 19, 2008",Mongolia,MN,BB-,9
"Dec. 13, 2007",Mongolia,MN,BB-,9
"Nov. 29, 2013",Montenegro,ME,BB-,9
"Jun. 13, 2012",Montenegro,ME,BB-,9
"Feb. 10, 2015",Nigeria,NG,BB-,9
"Mar. 27, 2014",Nigeria,NG,BB-,9
"Mar. 21, 2014",Nigeria,NG,BB-,9
"Nov. 07, 2012",Nigeria,NG,BB-,9
"Mar. 27, 2009",Nigeria,NG,BB-,9
"Feb. 06, 2006",Nigeria,NG,BB-,9
"May. 24, 2013",North Macedonia,MK,BB-,9
"Apr. 01, 2022",Oman,OM,BB-,9
"Mar. 26, 2020",Oman,OM,BB-,9
"Aug. 29, 2012",Paraguay,PY,BB-,9
"Jun. 25, 2012",Paraguay,PY,BB-,9
"Aug. 30, 2011",Paraguay,PY,BB-,9
"Nov. 19, 1998",Paraguay,PY,BB-,9
"Oct. 23, 1995",Paraguay,PY,BB-,9
"Jul. 02, 2002",Peru,PE,BB-,9
"Jan. 24, 2002",Peru,PE,BB-,9
"Nov. 01, 2000",Peru,PE,BB-,9
"Feb. 09, 2006",Philippines,PH,BB-,9
"Nov. 03, 2005",Philippines,PH,BB-,9
"Nov. 01, 2005",Philippines,PH,BB-,9
"Jul. 11, 2005",Philippines,PH,BB-,9
"Jan. 17, 2005",Philippines,PH,BB-,9
"Mar. 23, 1995",Philippines,PH,BB-,9
"Nov. 02, 1994",Philippines,PH,BB-,9
"Jul. 02, 1993",Philippines,PH,BB-,9
"Feb. 27, 2003",Romania,RO,BB-,9
"Jan. 23, 1998",Romania,RO,BB-,9
"Apr. 30, 1997",Romania,RO,BB-,9
"Mar. 06, 1996",Romania,RO,BB-,9
"Jul. 26, 2002",Russia,RU,BB-,9
"May. 27, 1998",Russia,RU,BB-,9
"Dec. 19, 1997",Russia,RU,BB-,9
"Oct. 04, 1996",Russia,RU,BB-,9
"Dec. 16, 2016",Serbia,RS,BB-,9
"Jan. 15, 2016",Serbia,RS,BB-,9
"Jan. 16, 2015",Serbia,RS,BB-,9
"Oct. 10, 2014",Serbia,RS,BB-,9
"Aug. 07, 2012",Serbia,RS,BB-,9
"Dec. 01, 2009",Serbia,RS,BB-,9
"Mar. 11, 2008",Serbia,RS,BB-,9
"Jul. 10, 2007",Serbia,RS,BB-,9
"Feb. 28, 2006",Serbia,RS,BB-,9
"Nov. 01, 2005",Serbia,RS,BB-,9
"Jul. 18, 2005",Serbia,RS,BB-,9
"Feb. 15, 1994",Slovakia,SK,BB-,9
"Mar. 08, 2023",South Africa,ZA,BB-,9
"May. 20, 2022",South Africa,ZA,BB-,9
"Apr. 29, 2020",South Africa,ZA,BB-,9
"Apr. 28, 2014",Suriname,SR,BB-,9
"Apr. 25, 2013",Suriname,SR,BB-,9
"Aug. 19, 2011",Suriname,SR,BB-,9
"Feb. 19, 2013",Tunisia,TN,BB-,9
"May. 02, 2018",Turkey,TR,BB-,9
"Sep. 17, 2009",Turkey,TR,BB-,9
"Nov. 13, 2008",Turkey,TR,BB-,9
"Jul. 31, 2008",Turkey,TR,BB-,9
"Apr. 03, 2008",Turkey,TR,BB-,9
"Jun. 27, 2006",Turkey,TR,BB-,9
"Jan. 23, 2006",Turkey,TR,BB-,9
"Nov. 03, 2005",Turkey,TR,BB-,9
"Nov. 01, 2005",Turkey,TR,BB-,9
"Aug. 17, 2004",Turkey,TR,BB-,9
"Apr. 05, 2007",Ukraine,UA,BB-,9
"Apr. 06, 2006",Ukraine,UA,BB-,9
"Nov. 01, 2005",Ukraine,UA,BB-,9
"May. 11, 2005",Ukraine,UA,BB-,9
"Jul. 22, 2008",Uruguay,UY,BB-,9
"May. 14, 2002",Uruguay,UY,BB-,9
"Jun. 04, 2021",Uzbekistan,UZ,BB-,9
"Jun. 05, 2020",Uzbekistan,UZ,BB-,9
"Dec. 21, 2018",Uzbekistan,UZ,BB-,9
"Jan. 11, 2010",Venezuela,VE,BB-,9
"Dec. 10, 2008",Venezuela,VE,BB-,9
"Jan. 11, 2007",Venezuela,VE,BB-,9
"Oct. 04, 2006",Venezuela,VE,BB-,9
"Feb. 03, 2006",Venezuela,VE,BB-,9
"Jun. 16, 1994",Venezuela,VE,BB-,9
"Mar. 04, 1994",Venezuela,VE,BB-,9
"Jun. 06, 2012",Vietnam,VN,BB-,9
"Aug. 19, 2011",Vietnam,VN,BB-,9
"Dec. 23, 2010",Vietnam,VN,BB-,9
"Nov. 03, 2005",Vietnam,VN,BB-,9
"Nov. 01, 2005",Vietnam,VN,BB-,9
"Oct. 18, 2005",Vietnam,VN,BB-,9
"May. 28, 2002",Vietnam,VN,BB-,9
"Nov. 1, 2023",Armenia,AM,BB-,9
"Nov. 1, 2023",Costa Rica,CR,BB-,9
"Nov. 1, 2023",Cote d'Ivoire,CI,BB-,9
"Nov. 1, 2023",Honduras,HN,BB-,9
"Nov. 1, 2023",Jamaica,JM,BB-,9
"Nov. 1, 2023",North Macedonia,MK,BB-,9
"Nov. 1, 2023",South Africa,ZA,BB-,9
"Nov. 1, 2023",Uzbekistan,UZ,BB-,9
"Nov. 1, 2023",Brazil,BR,BB-,9
"Nov. 1, 2023",Bangladesh,BD,BB-,9
"Sep. 22, 2000",Argentina,AR,BB,8
"Feb. 10, 2000",Argentina,AR,BB,8
"Jul. 22, 1999",Argentina,AR,BB,8
"Apr. 02, 1997",Argentina,AR,BB,8
"Apr. 16, 2020",Bahamas,BS,BB,8
"Feb. 17, 2016",Bahrain,BH,BB,8
"Aug. 22, 2000",Belize,BZ,BB,8
"May. 25, 2017",Bolivia,BO,BB,8
"May. 15, 2014",Bolivia,BO,BB,8
"Aug. 15, 2017",Brazil,BR,BB,8
"May. 22, 2017",Brazil,BR,BB,8
"Feb. 17, 2016",Brazil,BR,BB,8
"Nov. 22, 2006",Brazil,BR,BB,8
"Feb. 28, 2006",Brazil,BR,BB,8
"Oct. 07, 2002",Bulgaria,BG,BB,8
"Feb. 22, 2006",Colombia,CO,BB,8
"Nov. 03, 2005",Colombia,CO,BB,8
"Nov. 01, 2005",Colombia,CO,BB,8
"Jul. 14, 2003",Colombia,CO,BB,8
"May. 23, 2000",Colombia,CO,BB,8
"Aug. 11, 2009",Cook Is.,CK,BB,8
"Dec. 07, 2007",Cook Is.,CK,BB,8
"Feb. 13, 2012",Costa Rica,CR,BB,8
"Oct. 10, 2008",Costa Rica,CR,BB,8
"Jul. 14, 2008",Costa Rica,CR,BB,8
"Nov. 03, 2005",Costa Rica,CR,BB,8
"Nov. 01, 2005",Costa Rica,CR,BB,8
"Jun. 10, 2005",Costa Rica,CR,BB,8
"Apr. 04, 2003",Costa Rica,CR,BB,8
"Jan. 02, 2002",Costa Rica,CR,BB,8
"Jul. 27, 2000",Costa Rica,CR,BB,8
"Jul. 16, 1997",Costa Rica,CR,BB,8
"Sep. 22, 2017",Croatia,HR,BB,8
"Dec. 16, 2016",Croatia,HR,BB,8
"Jul. 17, 2015",Croatia,HR,BB,8
"Jan. 24, 2014",Croatia,HR,BB,8
"Sep. 16, 2016",Cyprus,CY,BB,8
"Aug. 01, 2012",Cyprus,CY,BB,8
"Dec. 19, 2022",Dominican Rep.,DO,BB,8
"Mar. 10, 2011",Egypt,EG,BB,8
"Feb. 01, 2011",Egypt,EG,BB,8
"May. 12, 2009",El Salvador,SV,BB,8
"Aug. 26, 1996",El Salvador,SV,BB,8
"Feb. 25, 2022",Georgia,GE,BB,8
"Feb. 26, 2021",Georgia,GE,BB,8
"Oct. 11, 2019",Georgia,GE,BB,8
"Apr. 23, 2021",Greece,GR,BB,8
"Apr. 11, 2023",Guatemala,GT,BB,8
"Oct. 27, 2016",Guatemala,GT,BB,8
"Sep. 06, 2012",Guatemala,GT,BB,8
"Aug. 02, 2011",Guatemala,GT,BB,8
"Nov. 18, 2008",Guatemala,GT,BB,8
"Jul. 06, 2007",Guatemala,GT,BB,8
"Jul. 17, 2006",Guatemala,GT,BB,8
"Nov. 05, 2002",Guatemala,GT,BB,8
"Oct. 18, 2001",Guatemala,GT,BB,8
"Mar. 24, 2014",Hungary,HU,BB,8
"Mar. 21, 2013",Hungary,HU,BB,8
"Nov. 23, 2012",Hungary,HU,BB,8
"Aug. 23, 2004",India,IN,BB,8
"Dec. 16, 2003",India,IN,BB,8
"Sep. 19, 2002",India,IN,BB,8
"Aug. 07, 2001",India,IN,BB,8
"Oct. 10, 2000",India,IN,BB,8
"Mar. 20, 2000",India,IN,BB,8
"Oct. 22, 1998",India,IN,BB,8
"Mar. 12, 2010",Indonesia,ID,BB,8
"Jan. 09, 1998",Indonesia,ID,BB,8
"Nov. 23, 2011",Jordan,JO,BB,8
"Feb. 08, 2011",Jordan,JO,BB,8
"Mar. 12, 2010",Jordan,JO,BB,8
"Dec. 22, 2008",Jordan,JO,BB,8
"Apr. 06, 2006",Jordan,JO,BB,8
"Nov. 01, 2005",Jordan,JO,BB,8
"Jul. 03, 2003",Jordan,JO,BB,8
"Jun. 25, 2002",Kazakhstan,KZ,BB,8
"May. 18, 2001",Kazakhstan,KZ,BB,8
"Feb. 12, 2010",Latvia,LV,BB,8
"Aug. 10, 2009",Latvia,LV,BB,8
"Mar. 10, 2011",Libya,LY,BB,8
"Sep. 15, 1999",Mexico,MX,BB,8
"Oct. 02, 1998",Mexico,MX,BB,8
"Sep. 02, 1997",Mexico,MX,BB,8
"Sep. 03, 1996",Mexico,MX,BB,8
"Mar. 23, 1995",Mexico,MX,BB,8
"Feb. 10, 1995",Mexico,MX,BB,8
"Mar. 31, 2010",Montenegro,ME,BB,8
"Dec. 21, 2005",Montenegro,ME,BB,8
"Nov. 01, 2005",Montenegro,ME,BB,8
"Dec. 20, 2004",Montenegro,ME,BB,8
"Mar. 08, 2004",Morocco,MA,BB,8
"Feb. 21, 2003",Morocco,MA,BB,8
"Nov. 02, 2001",Morocco,MA,BB,8
"Mar. 02, 1998",Morocco,MA,BB,8
"Aug. 24, 2011",North Macedonia,MK,BB,8
"Sep. 21, 2009",North Macedonia,MK,BB,8
"Apr. 30, 2009",North Macedonia,MK,BB,8
"Jul. 30, 2004",North Macedonia,MK,BB,8
"Mar. 31, 2023",Oman,OM,BB,8
"Nov. 25, 2022",Oman,OM,BB,8
"Apr. 19, 2019",Oman,OM,BB,8
"Nov. 10, 2017",Oman,OM,BB,8
"May. 03, 2007",Panama,PA,BB,8
"Nov. 01, 2005",Panama,PA,BB,8
"Feb. 18, 2005",Panama,PA,BB,8
"Mar. 10, 2003",Panama,PA,BB,8
"Nov. 20, 2001",Panama,PA,BB,8
"Jun. 15, 2016",Paraguay,PY,BB,8
"Jun. 16, 2015",Paraguay,PY,BB,8
"Jun. 11, 2014",Paraguay,PY,BB,8
"Nov. 03, 2005",Peru,PE,BB,8
"Nov. 01, 2005",Peru,PE,BB,8
"Jul. 11, 2005",Peru,PE,BB,8
"Jun. 08, 2004",Peru,PE,BB,8
"Sep. 19, 2000",Peru,PE,BB,8
"Jun. 15, 2000",Peru,PE,BB,8
"May. 19, 2000",Peru,PE,BB,8
"Dec. 18, 1997",Peru,PE,BB,8
"Dec. 16, 2011",Philippines,PH,BB,8
"Nov. 12, 2010",Philippines,PH,BB,8
"Jul. 29, 2004",Philippines,PH,BB,8
"Apr. 24, 2003",Philippines,PH,BB,8
"May. 30, 1995",Philippines,PH,BB,8
"Jun. 01, 1995",Poland,PL,BB,8
"Mar. 20, 2015",Portugal,PT,BB,8
"May. 09, 2014",Portugal,PT,BB,8
"Jan. 17, 2014",Portugal,PT,BB,8
"Sep. 18, 2013",Portugal,PT,BB,8
"Jul. 05, 2013",Portugal,PT,BB,8
"Mar. 06, 2013",Portugal,PT,BB,8
"Jan. 13, 2012",Portugal,PT,BB,8
"Sep. 17, 2003",Romania,RO,BB,8
"Dec. 05, 2002",Russia,RU,BB,8
"Dec. 14, 2018",Serbia,RS,BB,8
"Dec. 15, 2017",Serbia,RS,BB,8
"Mar. 16, 2011",Serbia,RS,BB,8
"Nov. 22, 2019",South Africa,ZA,BB,8
"Nov. 24, 2017",South Africa,ZA,BB,8
"Oct. 03, 1994",South Africa,ZA,BB,8
"May. 23, 2012",Tunisia,TN,BB,8
"Jan. 27, 2017",Turkey,TR,BB,8
"Nov. 04, 2016",Turkey,TR,BB,8
"Jul. 20, 2016",Turkey,TR,BB,8
"May. 01, 2012",Turkey,TR,BB,8
"Sep. 20, 2011",Turkey,TR,BB,8
"Feb. 19, 2010",Turkey,TR,BB,8
"Apr. 22, 1994",Turkey,TR,BB,8
"Sep. 06, 2010",Uruguay,UY,BB,8
"Apr. 05, 1993",Venezuela,VE,BB,8
"Nov. 04, 1992",Venezuela,VE,BB,8
"Jul. 24, 1991",Venezuela,VE,BB,8
"Mar. 28, 1983",Venezuela,VE,BB,8
"May. 21, 2021",Vietnam,VN,BB,8
"Apr. 05, 2019",Vietnam,VN,BB,8
"May. 02, 2008",Vietnam,VN,BB,8
"Sep. 07, 2006",Vietnam,VN,BB,8
"Nov. 1, 2023",Dominican Rep.,DO,BB,8
"Nov. 1, 2023",Georgia,GE,BB,8
"Nov. 1, 2023",Guatemala,GT,BB,8
"Nov. 1, 2023",Paraguay,PY,BB,8
"Sep. 22, 2023",Albania,AL,B+,7
"Feb. 05, 2016",Albania,AL,B+,7
"Apr. 19, 2010",Albania,AL,B+,7
"Aug. 14, 2015",Angola,AO,B+,7
"Feb. 13, 2015",Angola,AO,B+,7
"May. 19, 2010",Angola,AO,B+,7
"Aug. 31, 2018",Argentina,AR,B+,7
"Oct. 30, 2017",Argentina,AR,B+,7
"Apr. 25, 2008",Argentina,AR,B+,7
"Oct. 02, 2006",Argentina,AR,B+,7
"Mar. 26, 2001",Argentina,AR,B+,7
"Feb. 24, 2023",Armenia,AM,B+,7
"Apr. 08, 2022",Armenia,AM,B+,7
"Oct. 12, 2021",Armenia,AM,B+,7
"Nov. 12, 2021",Bahamas,BS,B+,7
"Nov. 24, 2023",Bahrain,BH,B+,7
"Nov. 25, 2022",Bahrain,BH,B+,7
"Nov. 26, 2021",Bahrain,BH,B+,7
"May. 28, 2021",Bahrain,BH,B+,7
"Mar. 26, 2020",Bahrain,BH,B+,7
"Nov. 29, 2019",Bahrain,BH,B+,7
"Dec. 01, 2017",Bahrain,BH,B+,7
"Nov. 03, 2008",Belarus,BY,B+,7
"Aug. 21, 2007",Belarus,BY,B+,7
"Jul. 20, 2004",Belize,BZ,B+,7
"Dec. 30, 2002",Belize,BZ,B+,7
"Oct. 20, 2023",Benin,BJ,B+,7
"Jul. 05, 2018",Benin,BJ,B+,7
"Nov. 01, 2005",Benin,BJ,B+,7
"Dec. 29, 2003",Benin,BJ,B+,7
"Mar. 22, 2021",Bolivia,BO,B+,7
"Apr. 17, 2020",Bolivia,BO,B+,7
"Aug. 22, 2011",Bolivia,BO,B+,7
"May. 19, 2011",Bolivia,BO,B+,7
"Dec. 17, 2002",Bolivia,BO,B+,7
"Oct. 18, 2000",Bolivia,BO,B+,7
"Aug. 04, 2023",Bosnia and Herz.,BA,B+,7
"Jul. 28, 2011",Bosnia and Herz.,BA,B+,7
"Dec. 17, 2010",Bosnia and Herz.,BA,B+,7
"Dec. 22, 2008",Bosnia and Herz.,BA,B+,7
"Dec. 11, 2003",Brazil,BR,B+,7
"Apr. 29, 2003",Brazil,BR,B+,7
"Jul. 02, 2002",Brazil,BR,B+,7
"Feb. 29, 2000",Brazil,BR,B+,7
"Nov. 10, 1999",Brazil,BR,B+,7
"Jan. 14, 1999",Brazil,BR,B+,7
"Jun. 19, 1996",Brazil,BR,B+,7
"Dec. 20, 1995",Brazil,BR,B+,7
"Jul. 18, 1995",Brazil,BR,B+,7
"May. 10, 2000",Bulgaria,BG,B+,7
"Apr. 19, 2007",Cambodia,KH,B+,7
"Jun. 21, 2013",Cabo Verde,CV,B+,7
"May. 24, 2011",Cabo Verde,CV,B+,7
"Dec. 24, 2009",Cabo Verde,CV,B+,7
"Dec. 04, 2008",Cabo Verde,CV,B+,7
"Oct. 22, 2013",Republic of the Congo,CG,B+,7
"Nov. 11, 2020",Cook Is.,CK,B+,7
"Feb. 25, 2020",Cook Is.,CK,B+,7
"Dec. 14, 2011",Cook Is.,CK,B+,7
"Aug. 13, 2003",Cook Is.,CK,B+,7
"Feb. 23, 2023",Costa Rica,CR,B+,7
"Dec. 21, 2018",Costa Rica,CR,B+,7
"Mar. 27, 2015",Cyprus,CY,B+,7
"Oct. 24, 2014",Cyprus,CY,B+,7
"Jun. 13, 2011",Dominican Rep.,DO,B+,7
"Jul. 18, 2008",Dominican Rep.,DO,B+,7
"Feb. 08, 2008",Dominican Rep.,DO,B+,7
"Sep. 04, 2007",Dominican Rep.,DO,B+,7
"Jun. 09, 2003",Dominican Rep.,DO,B+,7
"Jun. 12, 2001",Dominican Rep.,DO,B+,7
"Apr. 09, 1999",Dominican Rep.,DO,B+,7
"Oct. 01, 1998",Dominican Rep.,DO,B+,7
"Nov. 12, 1997",Dominican Rep.,DO,B+,7
"Feb. 13, 1997",Dominican Rep.,DO,B+,7
"Aug. 20, 2014",Ecuador,EC,B+,7
"Nov. 24, 2011",Egypt,EG,B+,7
"Oct. 06, 2016",El Salvador,SV,B+,7
"Dec. 22, 2014",El Salvador,SV,B+,7
"Sep. 22, 2021",Fiji,FJ,B+,7
"May. 01, 2015",Fiji,FJ,B+,7
"Nov. 07, 2006",Fiji,FJ,B+,7
"Jul. 31, 2015",Gabon,GA,B+,7
"Feb. 13, 2015",Gabon,GA,B+,7
"Mar. 29, 2011",Georgia,GE,B+,7
"Apr. 12, 2010",Georgia,GE,B+,7
"May. 05, 2008",Georgia,GE,B+,7
"Oct. 08, 2007",Georgia,GE,B+,7
"Nov. 21, 2006",Georgia,GE,B+,7
"Apr. 06, 2006",Georgia,GE,B+,7
"Dec. 06, 2005",Georgia,GE,B+,7
"Mar. 16, 2009",Ghana,GH,B+,7
"Apr. 06, 2006",Ghana,GH,B+,7
"Nov. 01, 2005",Ghana,GH,B+,7
"Sep. 04, 2003",Ghana,GH,B+,7
"Jul. 20, 2018",Greece,GR,B+,7
"Jun. 25, 2018",Greece,GR,B+,7
"Sep. 17, 2004",Grenada,GD,B+,7
"Jul. 18, 2016",Honduras,HN,B+,7
"Jul. 20, 2015",Honduras,HN,B+,7
"Feb. 27, 2013",Honduras,HN,B+,7
"Jun. 07, 2012",Honduras,HN,B+,7
"Jun. 30, 2009",Honduras,HN,B+,7
"Oct. 08, 2008",Honduras,HN,B+,7
"Feb. 09, 2006",Indonesia,ID,B+,7
"Nov. 03, 2005",Indonesia,ID,B+,7
"Nov. 01, 2005",Indonesia,ID,B+,7
"Sep. 01, 2005",Indonesia,ID,B+,7
"Dec. 22, 2004",Indonesia,ID,B+,7
"Oct. 04, 2021",Jamaica,JM,B+,7
"Apr. 16, 2020",Jamaica,JM,B+,7
"Sep. 27, 2019",Jamaica,JM,B+,7
"Dec. 19, 2002",Jamaica,JM,B+,7
"May. 02, 2001",Jamaica,JM,B+,7
"Oct. 20, 2017",Jordan,JO,B+,7
"Oct. 27, 1995",Jordan,JO,B+,7
"Dec. 22, 1999",Kazakhstan,KZ,B+,7
"Sep. 16, 1998",Kazakhstan,KZ,B+,7
"Jul. 14, 2020",Kenya,KE,B+,7
"Oct. 14, 2016",Kenya,KE,B+,7
"Oct. 16, 2015",Kenya,KE,B+,7
"Nov. 19, 2010",Kenya,KE,B+,7
"Jan. 02, 2008",Kenya,KE,B+,7
"Sep. 08, 2006",Kenya,KE,B+,7
"Jan. 16, 1998",Republic of Korea,KR,B+,7
"Dec. 22, 1997",Republic of Korea,KR,B+,7
"May. 25, 2001",Lebanon,LB,B+,7
"Sep. 18, 2000",Lebanon,LB,B+,7
"Apr. 29, 2015",Mongolia,MN,B+,7
"Apr. 29, 2014",Mongolia,MN,B+,7
"Dec. 26, 2006",Mongolia,MN,B+,7
"May. 01, 2020",Montenegro,ME,B+,7
"Oct. 06, 2017",Montenegro,ME,B+,7
"May. 13, 2016",Montenegro,ME,B+,7
"Nov. 14, 2014",Montenegro,ME,B+,7
"Aug. 16, 2013",Mozambique,MZ,B+,7
"Dec. 21, 2007",Mozambique,MZ,B+,7
"Jun. 08, 2018",Nicaragua,NI,B+,7
"Feb. 11, 2016",Nicaragua,NI,B+,7
"Mar. 18, 2016",Nigeria,NG,B+,7
"Mar. 20, 2015",Nigeria,NG,B+,7
"Dec. 29, 2011",Nigeria,NG,B+,7
"Aug. 21, 2009",Nigeria,NG,B+,7
"Oct. 01, 2021",Oman,OM,B+,7
"Oct. 16, 2020",Oman,OM,B+,7
"Nov. 06, 2007",Pakistan,PK,B+,7
"Jul. 10, 2007",Pakistan,PK,B+,7
"Dec. 19, 2006",Pakistan,PK,B+,7
"Dec. 28, 2005",Pakistan,PK,B+,7
"Nov. 03, 2005",Pakistan,PK,B+,7
"Nov. 01, 2005",Pakistan,PK,B+,7
"Nov. 22, 2004",Pakistan,PK,B+,7
"May. 22, 1998",Pakistan,PK,B+,7
"Jan. 14, 1998",Pakistan,PK,B+,7
"Jan. 31, 1997",Pakistan,PK,B+,7
"Aug. 03, 1995",Pakistan,PK,B+,7
"Nov. 21, 1994",Pakistan,PK,B+,7
"Oct. 08, 2015",Papua New Guinea,PG,B+,7
"Oct. 29, 2012",Papua New Guinea,PG,B+,7
"Jan. 27, 2012",Papua New Guinea,PG,B+,7
"Aug. 22, 2011",Papua New Guinea,PG,B+,7
"Sep. 13, 2007",Papua New Guinea,PG,B+,7
"Mar. 21, 2001",Papua New Guinea,PG,B+,7
"Jun. 29, 2000",Papua New Guinea,PG,B+,7
"Sep. 01, 1999",Papua New Guinea,PG,B+,7
"Jul. 26, 1999",Papua New Guinea,PG,B+,7
"Jan. 25, 1999",Papua New Guinea,PG,B+,7
"Aug. 23, 2010",Paraguay,PY,B+,7
"Feb. 04, 1999",Paraguay,PY,B+,7
"Apr. 19, 2002",Romania,RO,B+,7
"May. 20, 1998",Romania,RO,B+,7
"Feb. 22, 2002",Russia,RU,B+,7
"Dec. 19, 2001",Russia,RU,B+,7
"Jun. 09, 1998",Russia,RU,B+,7
"Jan. 27, 2023",Rwanda,RW,B+,7
"Aug. 07, 2020",Rwanda,RW,B+,7
"Aug. 09, 2019",Rwanda,RW,B+,7
"Mar. 11, 2016",Rwanda,RW,B+,7
"Mar. 13, 2015",Rwanda,RW,B+,7
"Dec. 06, 2019",Senegal,SN,B+,7
"Jun. 15, 2018",Senegal,SN,B+,7
"Jul. 05, 2013",Senegal,SN,B+,7
"May. 27, 2010",Senegal,SN,B+,7
"May. 26, 2009",Senegal,SN,B+,7
"Jul. 27, 2006",Senegal,SN,B+,7
"Nov. 01, 2005",Senegal,SN,B+,7
"Dec. 18, 2000",Senegal,SN,B+,7
"Nov. 01, 2004",Serbia,RS,B+,7
"Nov. 20, 2017",Sri Lanka,LK,B+,7
"Mar. 10, 2016",Sri Lanka,LK,B+,7
"Feb. 29, 2012",Sri Lanka,LK,B+,7
"Jul. 19, 2011",Sri Lanka,LK,B+,7
"Sep. 14, 2010",Sri Lanka,LK,B+,7
"Feb. 15, 2008",Sri Lanka,LK,B+,7
"Aug. 08, 2007",Sri Lanka,LK,B+,7
"Apr. 26, 2006",Sri Lanka,LK,B+,7
"Apr. 06, 2006",Sri Lanka,LK,B+,7
"Dec. 08, 2005",Sri Lanka,LK,B+,7
"Apr. 25, 2016",Suriname,SR,B+,7
"Mar. 18, 2011",Suriname,SR,B+,7
"Dec. 22, 2009",Suriname,SR,B+,7
"Nov. 16, 2007",Suriname,SR,B+,7
"Apr. 01, 2022",Turkey,TR,B+,7
"Dec. 10, 2021",Turkey,TR,B+,7
"Aug. 17, 2018",Turkey,TR,B+,7
"Mar. 08, 2004",Turkey,TR,B+,7
"Oct. 16, 2003",Turkey,TR,B+,7
"Feb. 21, 2001",Turkey,TR,B+,7
"Dec. 05, 2000",Turkey,TR,B+,7
"Apr. 25, 2000",Turkey,TR,B+,7
"Jul. 17, 1996",Turkey,TR,B+,7
"Oct. 18, 1995",Turkey,TR,B+,7
"Jul. 24, 1995",Turkey,TR,B+,7
"Aug. 16, 1994",Turkey,TR,B+,7
"Apr. 29, 1994",Turkey,TR,B+,7
"Dec. 11, 2012",Uganda,UG,B+,7
"Dec. 09, 2008",Uganda,UG,B+,7
"Mar. 15, 2012",Ukraine,UA,B+,7
"Sep. 13, 2011",Ukraine,UA,B+,7
"Jul. 29, 2010",Ukraine,UA,B+,7
"Oct. 15, 2008",Ukraine,UA,B+,7
"Jun. 12, 2008",Ukraine,UA,B+,7
"Jul. 20, 2004",Ukraine,UA,B+,7
"May. 03, 2007",Uruguay,UY,B+,7
"Sep. 28, 2006",Uruguay,UY,B+,7
"Apr. 19, 2013",Venezuela,VE,B+,7
"Aug. 19, 2011",Venezuela,VE,B+,7
"Nov. 01, 2005",Venezuela,VE,B+,7
"Aug. 12, 2005",Venezuela,VE,B+,7
"Aug. 28, 1998",Venezuela,VE,B+,7
"Jun. 05, 1997",Venezuela,VE,B+,7
"Nov. 21, 1995",Venezuela,VE,B+,7
"Jul. 27, 1994",Venezuela,VE,B+,7
"Nov. 01, 1990",Venezuela,VE,B+,7
"Jun. 26, 1989",Venezuela,VE,B+,7
"Jan. 17, 1989",Venezuela,VE,B+,7
"Oct. 25, 2013",Zambia,ZM,B+,7
"Mar. 22, 2011",Zambia,ZM,B+,7
"Nov. 1, 2023",Bahamas,BS,B+,7
"Nov. 1, 2023",Bahrain,BH,B+,7
"Nov. 1, 2023",Bosnia and Herz.,BA,B+,7
"Nov. 1, 2023",Cook Is.,CK,B+,7
"Nov. 1, 2023",Fiji,FJ,B+,7
"Nov. 1, 2023",Jordan,JO,B+,7
"Nov. 1, 2023",Rwanda,RW,B+,7
"Nov. 1, 2023",Senegal,SN,B+,7
"Nov. 1, 2023",Albania,AL,B+,7
"Nov. 1, 2023",Benin,BJ,B+,7
"Oct. 10, 2014",Albania,AL,B,6
"Apr. 11, 2014",Albania,AL,B,6
"Dec. 06, 2013",Albania,AL,B,6
"Aug. 12, 2016",Angola,AO,B,6
"Feb. 12, 2016",Angola,AO,B,6
"Nov. 12, 2018",Argentina,AR,B,6
"Apr. 04, 2017",Argentina,AR,B,6
"Apr. 23, 2012",Argentina,AR,B,6
"Sep. 13, 2010",Argentina,AR,B,6
"Aug. 11, 2008",Argentina,AR,B,6
"Mar. 23, 2006",Argentina,AR,B,6
"Jun. 06, 2001",Argentina,AR,B,6
"May. 08, 2001",Argentina,AR,B,6
"Dec. 19, 2014",Barbados,BB,B,6
"Sep. 11, 2020",Belarus,BY,B,6
"Oct. 06, 2017",Belarus,BY,B,6
"May. 27, 2011",Belarus,BY,B,6
"Mar. 15, 2011",Belarus,BY,B,6
"Jun. 21, 2011",Belize,BZ,B,6
"Feb. 20, 2007",Belize,BZ,B,6
"Aug. 23, 2004",Belize,BZ,B,6
"Dec. 10, 2012",Benin,BJ,B,6
"Dec. 01, 2010",Benin,BJ,B,6
"Dec. 19, 2007",Benin,BJ,B,6
"Apr. 10, 2007",Benin,BJ,B,6
"Sep. 07, 2006",Benin,BJ,B,6
"Mar. 15, 2023",Bolivia,BO,B,6
"Dec. 06, 2022",Bolivia,BO,B,6
"May. 06, 2010",Bolivia,BO,B,6
"Aug. 20, 2003",Bolivia,BO,B,6
"Feb. 26, 2003",Bolivia,BO,B,6
"Feb. 03, 2023",Bosnia and Herz.,BA,B,6
"Apr. 30, 2020",Bosnia and Herz.,BA,B,6
"Mar. 08, 2019",Bosnia and Herz.,BA,B,6
"Mar. 28, 2012",Bosnia and Herz.,BA,B,6
"Nov. 30, 2011",Bosnia and Herz.,BA,B,6
"Nov. 30, 1994",Brazil,BR,B,6
"Nov. 23, 1998",Bulgaria,BG,B,6
"May. 26, 2017",Burkina Faso,BF,B,6
"Nov. 03, 2014",Burkina Faso,BF,B,6
"Aug. 06, 2008",Burkina Faso,BF,B,6
"Jul. 06, 2006",Burkina Faso,BF,B,6
"Nov. 01, 2005",Burkina Faso,BF,B,6
"Mar. 05, 2004",Burkina Faso,BF,B,6
"Sep. 29, 2014",Cambodia,KH,B,6
"Oct. 31, 2011",Cambodia,KH,B,6
"Apr. 12, 2019",Cameroon,CM,B,6
"Feb. 26, 2007",Cameroon,CM,B,6
"Nov. 26, 2003",Cameroon,CM,B,6
"Aug. 28, 2020",Cabo Verde,CV,B,6
"May. 05, 2017",Cabo Verde,CV,B,6
"Mar. 31, 2017",Cabo Verde,CV,B,6
"Oct. 07, 2016",Cabo Verde,CV,B,6
"Apr. 08, 2016",Cabo Verde,CV,B,6
"Dec. 13, 2013",Cabo Verde,CV,B,6
"Feb. 09, 2015",Republic of the Congo,CG,B,6
"Oct. 24, 2002",Cook Is.,CK,B,6
"May. 23, 2000",Cook Is.,CK,B,6
"Mar. 17, 2022",Costa Rica,CR,B,6
"Jun. 09, 2020",Costa Rica,CR,B,6
"Apr. 25, 2014",Cyprus,CY,B,6
"Oct. 17, 2012",Cyprus,CY,B,6
"May. 05, 2010",Dominican Rep.,DO,B,6
"Dec. 23, 2008",Dominican Rep.,DO,B,6
"Aug. 17, 2006",Dominican Rep.,DO,B,6
"Apr. 06, 2006",Dominican Rep.,DO,B,6
"Nov. 01, 2005",Dominican Rep.,DO,B,6
"Jun. 29, 2005",Dominican Rep.,DO,B,6
"Aug. 12, 2015",Ecuador,EC,B,6
"Aug. 06, 2013",Ecuador,EC,B,6
"Jun. 07, 2012",Ecuador,EC,B,6
"Apr. 21, 2023",Egypt,EG,B,6
"May. 11, 2018",Egypt,EG,B,6
"Aug. 23, 2012",Egypt,EG,B,6
"Jun. 25, 2012",Egypt,EG,B,6
"Feb. 10, 2012",Egypt,EG,B,6
"Oct. 13, 2016",El Salvador,SV,B,6
"Apr. 10, 2020",Ethiopia,ET,B,6
"May. 09, 2014",Ethiopia,ET,B,6
"Apr. 24, 2014",Fiji,FJ,B,6
"Aug. 04, 2011",Fiji,FJ,B,6
"Feb. 27, 2009",Fiji,FJ,B,6
"Nov. 13, 2007",Fiji,FJ,B,6
"Mar. 15, 2007",Fiji,FJ,B,6
"Jan. 29, 2016",Gabon,GA,B,6
"Sep. 25, 2008",Georgia,GE,B,6
"Aug. 08, 2008",Georgia,GE,B,6
"Apr. 30, 2020",Ghana,GH,B,6
"Sep. 14, 2018",Ghana,GH,B,6
"Dec. 06, 2013",Ghana,GH,B,6
"Aug. 27, 2010",Ghana,GH,B,6
"Jan. 19, 2018",Greece,GR,B,6
"Jan. 28, 2015",Greece,GR,B,6
"Sep. 12, 2014",Greece,GR,B,6
"May. 09, 2011",Greece,GR,B,6
"Aug. 07, 2013",Honduras,HN,B,6
"Jun. 14, 2011",Honduras,HN,B,6
"Sep. 11, 2009",Honduras,HN,B,6
"May. 11, 2004",Indonesia,ID,B,6
"Oct. 08, 2003",Indonesia,ID,B,6
"Jan. 27, 1998",Indonesia,ID,B,6
"Sep. 25, 2018",Jamaica,JM,B,6
"Jun. 03, 2015",Jamaica,JM,B,6
"Oct. 21, 2008",Jamaica,JM,B,6
"Apr. 06, 2006",Jamaica,JM,B,6
"Nov. 01, 2005",Jamaica,JM,B,6
"Dec. 10, 2004",Jamaica,JM,B,6
"Feb. 05, 2004",Jamaica,JM,B,6
"Jul. 28, 2003",Jamaica,JM,B,6
"Dec. 14, 2000",Jamaica,JM,B,6
"Nov. 09, 1999",Jamaica,JM,B,6
"Feb. 24, 2023",Kenya,KE,B,6
"Mar. 05, 2021",Kenya,KE,B,6
"Aug. 04, 2008",Kenya,KE,B,6
"Mar. 10, 2008",Kenya,KE,B,6
"Feb. 04, 2008",Kenya,KE,B,6
"May. 28, 2012",Lebanon,LB,B,6
"Jan. 18, 2011",Lebanon,LB,B,6
"Dec. 22, 2009",Lebanon,LB,B,6
"Sep. 28, 2001",Lebanon,LB,B,6
"Feb. 02, 2009",Madagascar,MG,B,6
"Nov. 01, 2005",Madagascar,MG,B,6
"May. 25, 2004",Madagascar,MG,B,6
"Nov. 01, 2005",Mali,ML,B,6
"May. 05, 2004",Mali,ML,B,6
"Nov. 09, 2018",Mongolia,MN,B,6
"Nov. 03, 2015",Mongolia,MN,B,6
"Dec. 28, 2005",Mongolia,MN,B,6
"Nov. 03, 2005",Mongolia,MN,B,6
"Nov. 01, 2005",Mongolia,MN,B,6
"Sep. 06, 2002",Mongolia,MN,B,6
"Jun. 14, 2001",Mongolia,MN,B,6
"Dec. 23, 1999",Mongolia,MN,B,6
"Mar. 05, 2021",Montenegro,ME,B,6
"Aug. 15, 2014",Mozambique,MZ,B,6
"Feb. 14, 2014",Mozambique,MZ,B,6
"Apr. 06, 2006",Mozambique,MZ,B,6
"Nov. 01, 2005",Mozambique,MZ,B,6
"Jul. 07, 2004",Mozambique,MZ,B,6
"Oct. 25, 2022",Nicaragua,NI,B,6
"Jul. 23, 2018",Nicaragua,NI,B,6
"Feb. 28, 2020",Nigeria,NG,B,6
"Sep. 16, 2016",Nigeria,NG,B,6
"Oct. 31, 2016",Pakistan,PK,B,6
"May. 15, 2008",Pakistan,PK,B,6
"Dec. 02, 2003",Pakistan,PK,B,6
"Dec. 12, 2002",Pakistan,PK,B,6
"Apr. 23, 2019",Papua New Guinea,PG,B,6
"Apr. 16, 2018",Papua New Guinea,PG,B,6
"Apr. 16, 2018",Papua New Guinea,PG,B,6
"Dec. 07, 2005",Papua New Guinea,PG,B,6
"Nov. 03, 2005",Papua New Guinea,PG,B,6
"Nov. 01, 2005",Papua New Guinea,PG,B,6
"Dec. 23, 2004",Papua New Guinea,PG,B,6
"Dec. 17, 2003",Papua New Guinea,PG,B,6
"Oct. 08, 2002",Papua New Guinea,PG,B,6
"Aug. 06, 2001",Papua New Guinea,PG,B,6
"Jun. 08, 2007",Paraguay,PY,B,6
"Jun. 25, 1999",Paraguay,PY,B,6
"Jun. 07, 2001",Romania,RO,B,6
"Oct. 04, 2001",Russia,RU,B,6
"Jun. 28, 2001",Russia,RU,B,6
"Aug. 10, 2018",Rwanda,RW,B,6
"Sep. 09, 2016",Rwanda,RW,B,6
"Sep. 12, 2014",Rwanda,RW,B,6
"Oct. 29, 2012",Rwanda,RW,B,6
"Dec. 29, 2011",Rwanda,RW,B,6
"Nov. 02, 2007",Seychelles,SC,B,6
"Sep. 14, 2006",Seychelles,SC,B,6
"Jan. 14, 2020",Sri Lanka,LK,B,6
"Dec. 04, 2018",Sri Lanka,LK,B,6
"Oct. 15, 2009",Sri Lanka,LK,B,6
"Aug. 25, 2009",Sri Lanka,LK,B,6
"May. 21, 2009",Sri Lanka,LK,B,6
"Dec. 15, 2008",Sri Lanka,LK,B,6
"Apr. 03, 2018",Suriname,SR,B,6
"Apr. 26, 2017",Suriname,SR,B,6
"Dec. 11, 2006",Suriname,SR,B,6
"May. 31, 2019",Togo,TG,B,6
"Aug. 16, 2013",Tunisia,TN,B,6
"Nov. 30, 2023",Turkey,TR,B,6
"Sep. 29, 2023",Turkey,TR,B,6
"Mar. 31, 2023",Turkey,TR,B,6
"Sep. 30, 2022",Turkey,TR,B,6
"Jul. 28, 2003",Turkey,TR,B,6
"Feb. 23, 2001",Turkey,TR,B,6
"Dec. 10, 1999",Turkey,TR,B,6
"Jan. 21, 1999",Turkey,TR,B,6
"Aug. 10, 1998",Turkey,TR,B,6
"Dec. 13, 1996",Turkey,TR,B,6
"Dec. 09, 2022",Uganda,UG,B,6
"Jan. 17, 2014",Uganda,UG,B,6
"Sep. 27, 2019",Ukraine,UA,B,6
"Dec. 07, 2012",Ukraine,UA,B,6
"Jul. 22, 2010",Ukraine,UA,B,6
"May. 17, 2010",Ukraine,UA,B,6
"Feb. 16, 2009",Ukraine,UA,B,6
"Oct. 24, 2008",Ukraine,UA,B,6
"Oct. 28, 2003",Ukraine,UA,B,6
"May. 20, 2003",Ukraine,UA,B,6
"Nov. 12, 2002",Ukraine,UA,B,6
"Dec. 21, 2001",Ukraine,UA,B,6
"Apr. 06, 2006",Uruguay,UY,B,6
"Jan. 09, 2006",Uruguay,UY,B,6
"Nov. 01, 2005",Uruguay,UY,B,6
"Nov. 01, 2005",Uruguay,UY,B,6
"Jul. 26, 2002",Uruguay,UY,B,6
"Jun. 17, 2013",Venezuela,VE,B,6
"Mar. 12, 2005",Venezuela,VE,B,6
"Mar. 03, 2005",Venezuela,VE,B,6
"Aug. 25, 2004",Venezuela,VE,B,6
"Mar. 18, 2002",Venezuela,VE,B,6
"Feb. 11, 2002",Venezuela,VE,B,6
"Dec. 21, 1999",Venezuela,VE,B,6
"Jan. 24, 1997",Venezuela,VE,B,6
"Jun. 26, 1996",Venezuela,VE,B,6
"Feb. 23, 1996",Venezuela,VE,B,6
"Aug. 25, 2017",Zambia,ZM,B,6
"Mar. 18, 2016",Zambia,ZM,B,6
"Jul. 01, 2015",Zambia,ZM,B,6
"Nov. 1, 2023",Mongolia,MN,B,6
"Nov. 1, 2023",Montenegro,ME,B,6
"Nov. 1, 2023",Nigeria,NG,B,6
"Nov. 1, 2023",Togo,TG,B,6
"Nov. 1, 2023",Turkey,TR,B,6
"Nov. 1, 2023",Kenya,KE,B,6
"Feb. 04, 2022",Angola,AO,B-,5
"Feb. 08, 2019",Angola,AO,B-,5
"Aug. 11, 2017",Angola,AO,B-,5
"Aug. 16, 2019",Argentina,AR,B-,5
"May. 06, 2016",Argentina,AR,B-,5
"Nov. 05, 2012",Argentina,AR,B-,5
"Oct. 30, 2012",Argentina,AR,B-,5
"Nov. 05, 2008",Argentina,AR,B-,5
"Oct. 31, 2008",Argentina,AR,B-,5
"Nov. 03, 2005",Argentina,AR,B-,5
"Nov. 01, 2005",Argentina,AR,B-,5
"Jun. 01, 2005",Argentina,AR,B-,5
"Jul. 12, 2001",Argentina,AR,B-,5
"Oct. 26, 2023",Barbados,BB,B-,5
"Dec. 11, 2019",Barbados,BB,B-,5
"Sep. 23, 2016",Barbados,BB,B-,5
"Oct. 18, 2013",Belarus,BY,B-,5
"Apr. 17, 2013",Belarus,BY,B-,5
"Jul. 17, 2012",Belarus,BY,B-,5
"Apr. 18, 2012",Belarus,BY,B-,5
"Sep. 26, 2011",Belarus,BY,B-,5
"Nov. 09, 2021",Belize,BZ,B-,5
"Mar. 23, 2017",Belize,BZ,B-,5
"Nov. 25, 2015",Belize,BZ,B-,5
"Nov. 07, 2014",Belize,BZ,B-,5
"Mar. 20, 2013",Belize,BZ,B-,5
"Nov. 21, 2011",Belize,BZ,B-,5
"Aug. 04, 2011",Belize,BZ,B-,5
"Aug. 31, 2004",Belize,BZ,B-,5
"Apr. 19, 2023",Bolivia,BO,B-,5
"Nov. 02, 2007",Bolivia,BO,B-,5
"Apr. 06, 2006",Bolivia,BO,B-,5
"Jun. 07, 2005",Bolivia,BO,B-,5
"Nov. 01, 2005",Bolivia,BO,B-,5
"Aug. 04, 2004",Bolivia,BO,B-,5
"Oct. 20, 2003",Bolivia,BO,B-,5
"May. 27, 2016",Burkina Faso,BF,B-,5
"Dec. 05, 2014",Burkina Faso,BF,B-,5
"Apr. 10, 2020",Cameroon,CM,B-,5
"May. 03, 2006",Cameroon,CM,B-,5
"Feb. 19, 2021",Cabo Verde,CV,B-,5
"Jan. 28, 2022",Democratic Republic of the Congo,CD,B-,5
"Feb. 05, 2016",Democratic Republic of the Congo,CD,B-,5
"Dec. 13, 2013",Democratic Republic of the Congo,CD,B-,5
"Jul. 28, 2023",Republic of the Congo,CG,B-,5
"Apr. 08, 2020",Republic of the Congo,CG,B-,5
"Sep. 21, 2018",Republic of the Congo,CG,B-,5
"Aug. 09, 2016",Republic of the Congo,CG,B-,5
"Mar. 25, 2016",Republic of the Congo,CG,B-,5
"Jan. 20, 1998",Cook Is.,CK,B-,5
"Nov. 29, 2013",Cyprus,CY,B-,5
"Oct. 01, 2003",Dominican Rep.,DO,B-,5
"Aug. 17, 2022",Ecuador,EC,B-,5
"Sep. 01, 2020",Ecuador,EC,B-,5
"Jun. 29, 2017",Ecuador,EC,B-,5
"Aug. 04, 2011",Ecuador,EC,B-,5
"Aug. 02, 2010",Ecuador,EC,B-,5
"Nov. 20, 2007",Ecuador,EC,B-,5
"Apr. 21, 2005",Ecuador,EC,B-,5
"Jan. 24, 2005",Ecuador,EC,B-,5
"Aug. 28, 2000",Ecuador,EC,B-,5
"Aug. 25, 2000",Ecuador,EC,B-,5
"Oct. 20, 2023",Egypt,EG,B-,5
"Nov. 10, 2017",Egypt,EG,B-,5
"Nov. 11, 2016",Egypt,EG,B-,5
"May. 13, 2016",Egypt,EG,B-,5
"Nov. 13, 2015",Egypt,EG,B-,5
"May. 15, 2015",Egypt,EG,B-,5
"Nov. 15, 2013",Egypt,EG,B-,5
"Dec. 24, 2012",Egypt,EG,B-,5
"Nov. 07, 2023",El Salvador,SV,B-,5
"Oct. 21, 2021",El Salvador,SV,B-,5
"Dec. 28, 2018",El Salvador,SV,B-,5
"Dec. 08, 2016",El Salvador,SV,B-,5
"Feb. 12, 2021",Ethiopia,ET,B-,5
"Feb. 18, 2011",Fiji,FJ,B-,5
"Dec. 15, 2009",Fiji,FJ,B-,5
"Apr. 15, 2009",Fiji,FJ,B-,5
"Sep. 11, 2020",Ghana,GH,B-,5
"Oct. 06, 2017",Ghana,GH,B-,5
"Oct. 24, 2014",Ghana,GH,B-,5
"Jul. 21, 2017",Greece,GR,B-,5
"Jan. 22, 2016",Greece,GR,B-,5
"Feb. 06, 2015",Greece,GR,B-,5
"Dec. 18, 2012",Greece,GR,B-,5
"Aug. 28, 2012",Grenada,GD,B-,5
"Aug. 01, 2007",Grenada,GD,B-,5
"Nov. 18, 2005",Grenada,GD,B-,5
"Oct. 08, 2004",Grenada,GD,B-,5
"May. 12, 2003",Indonesia,ID,B-,5
"Mar. 08, 2001",Indonesia,ID,B-,5
"Oct. 02, 2000",Indonesia,ID,B-,5
"Mar. 11, 1998",Indonesia,ID,B-,5
"Sep. 03, 2015",Iraq,IQ,B-,5
"Sep. 19, 2014",Jamaica,JM,B-,5
"Sep. 24, 2013",Jamaica,JM,B-,5
"Aug. 13, 2012",Jamaica,JM,B-,5
"Oct. 31, 2011",Jamaica,JM,B-,5
"Feb. 24, 2010",Jamaica,JM,B-,5
"Mar. 18, 2009",Jamaica,JM,B-,5
"Oct. 24, 2019",Lebanon,LB,B-,5
"Mar. 01, 2019",Lebanon,LB,B-,5
"Sep. 02, 2016",Lebanon,LB,B-,5
"Sep. 11, 2015",Lebanon,LB,B-,5
"Apr. 11, 2014",Lebanon,LB,B-,5
"Nov. 01, 2013",Lebanon,LB,B-,5
"Aug. 05, 2008",Lebanon,LB,B-,5
"Nov. 25, 2007",Lebanon,LB,B-,5
"Sep. 11, 2006",Lebanon,LB,B-,5
"Jul. 13, 2006",Lebanon,LB,B-,5
"Nov. 03, 2005",Lebanon,LB,B-,5
"Nov. 01, 2005",Lebanon,LB,B-,5
"Oct. 10, 2003",Lebanon,LB,B-,5
"Apr. 24, 2003",Lebanon,LB,B-,5
"Dec. 18, 2002",Lebanon,LB,B-,5
"Apr. 10, 2002",Lebanon,LB,B-,5
"Apr. 07, 2023",Madagascar,MG,B-,5
"Oct. 07, 2022",Madagascar,MG,B-,5
"Apr. 11, 2022",Madagascar,MG,B-,5
"Mar. 18, 2009",Madagascar,MG,B-,5
"Aug. 19, 2016",Mongolia,MN,B-,5
"Apr. 15, 2016",Mozambique,MZ,B-,5
"Sep. 24, 2015",Mozambique,MZ,B-,5
"Jul. 06, 2015",Mozambique,MZ,B-,5
"Nov. 8, 2019",Nicaragua,NI,B-,5
"Nov. 9, 2018",Nicaragua,NI,B-,5
"Aug. 04, 2023",Nigeria,NG,B-,5
"Feb. 03, 2023",Nigeria,NG,B-,5
"Mar. 26, 2020",Nigeria,NG,B-,5
"Jul. 28, 2022",Pakistan,PK,B-,5
"Feb. 04, 2019",Pakistan,PK,B-,5
"May. 05, 2015",Pakistan,PK,B-,5
"Jul. 20, 2012",Pakistan,PK,B-,5
"Aug. 24, 2009",Pakistan,PK,B-,5
"Dec. 21, 1999",Pakistan,PK,B-,5
"Jun. 01, 1998",Pakistan,PK,B-,5
"May. 24, 2022",Papua New Guinea,PG,B-,5
"Jun. 03, 2021",Papua New Guinea,PG,B-,5
"Apr. 30, 2021",Papua New Guinea,PG,B-,5
"Apr. 28, 2020",Papua New Guinea,PG,B-,5
"Apr. 06, 2006",Paraguay,PY,B-,5
"Feb. 27, 2006",Paraguay,PY,B-,5
"Nov. 01, 2005",Paraguay,PY,B-,5
"Jul. 26, 2004",Paraguay,PY,B-,5
"Nov. 27, 2002",Paraguay,PY,B-,5
"Mar. 05, 2001",Romania,RO,B-,5
"Aug. 04, 2000",Romania,RO,B-,5
"Apr. 01, 1999",Romania,RO,B-,5
"Oct. 19, 1998",Romania,RO,B-,5
"Dec. 08, 2000",Russia,RU,B-,5
"Aug. 13, 1998",Russia,RU,B-,5
"May. 20, 2020",Sri Lanka,LK,B-,5
"Apr. 06, 2006",Suriname,SR,B-,5
"Nov. 09, 2005",Suriname,SR,B-,5
"Nov. 01, 2005",Suriname,SR,B-,5
"Jul. 28, 2003",Suriname,SR,B-,5
"May. 29, 2002",Suriname,SR,B-,5
"Jan. 11, 2002",Suriname,SR,B-,5
"Jan. 31, 2001",Suriname,SR,B-,5
"Nov. 17, 1999",Suriname,SR,B-,5
"Aug. 28, 2017",Tajikistan,TJ,B-,5
"Nov. 07, 2002",Turkey,TR,B-,5
"Jul. 09, 2002",Turkey,TR,B-,5
"Jun. 26, 2002",Turkey,TR,B-,5
"Jan. 29, 2002",Turkey,TR,B-,5
"Nov. 30, 2001",Turkey,TR,B-,5
"Jul. 11, 2001",Turkey,TR,B-,5
"Apr. 27, 2001",Turkey,TR,B-,5
"Apr. 17, 2001",Turkey,TR,B-,5
"Oct. 06, 2023",Uganda,UG,B-,5
"Feb. 25, 2022",Ukraine,UA,B-,5
"Oct. 19, 2015",Ukraine,UA,B-,5
"Dec. 26, 2013",Ukraine,UA,B-,5
"Nov. 01, 2013",Ukraine,UA,B-,5
"Mar. 11, 2010",Ukraine,UA,B-,5
"Jun. 02, 2003",Uruguay,UY,B-,5
"Nov. 21, 2002",Uruguay,UY,B-,5
"Dec. 13, 2013",Venezuela,VE,B-,5
"Jul. 30, 2003",Venezuela,VE,B-,5
"Sep. 24, 2002",Venezuela,VE,B-,5
"Feb. 22, 2019",Zambia,ZM,B-,5
"Aug. 24, 2018",Zambia,ZM,B-,5
"Nov. 1, 2023",Angola,AO,B-,5
"Nov. 1, 2023",Belize,BZ,B-,5
"Nov. 1, 2023",Cabo Verde,CV,B-,5
"Nov. 1, 2023",Democratic Republic of the Congo,CD,B-,5
"Nov. 1, 2023",Republic of the Congo,CG,B-,5
"Nov. 1, 2023",Ecuador,EC,B-,5
"Nov. 1, 2023",Egypt,EG,B-,5
"Nov. 1, 2023",El Salvador,SV,B-,5
"Nov. 1, 2023",Iraq,IQ,B-,5
"Nov. 1, 2023",Madagascar,MG,B-,5
"Nov. 1, 2023",Nigeria,NG,B-,5
"Nov. 1, 2023",Papua New Guinea,PG,B-,5
"Nov. 1, 2023",Tajikistan,TJ,B-,5
"Nov. 1, 2023",Uganda,UG,B-,5
"Nov. 1, 2023",Barbados,BB,B-,5
"Mar. 26, 2020",Angola,AO,CCC+,4
"Mar. 14, 2023",Argentina,AR,CCC+,4
"Mar. 09, 2023",Argentina,AR,CCC+,4
"Jan. 09, 2023",Argentina,AR,CCC+,4
"Jan. 06, 2023",Argentina,AR,CCC+,4
"Nov. 16, 2022",Argentina,AR,CCC+,4
"Sep. 07, 2020",Argentina,AR,CCC+,4
"Sep. 10, 2013",Argentina,AR,CCC+,4
"Oct. 09, 2001",Argentina,AR,CCC+,4
"Sep. 27, 2017",Barbados,BB,CCC+,4
"Mar. 03, 2017",Barbados,BB,CCC+,4
"Aug. 21, 2020",Belize,BZ,CCC+,4
"Nov. 14, 2016",Belize,BZ,CCC+,4
"Feb. 06, 2012",Belize,BZ,CCC+,4
"Nov. 22, 2023",Bolivia,BO,CCC+,4
"May. 13, 2022",Burkina Faso,BF,CCC+,4
"Jan. 26, 2022",Burkina Faso,BF,CCC+,4
"Aug. 10, 2023",Cameroon,CM,CCC+,4
"Jul. 30, 2021",Democratic Republic of the Congo,CD,CCC+,4
"Jul. 31, 2020",Democratic Republic of the Congo,CD,CCC+,4
"Aug. 02, 2019",Democratic Republic of the Congo,CD,CCC+,4
"Aug. 04, 2017",Democratic Republic of the Congo,CD,CCC+,4
"Sep. 04, 2020",Republic of the Congo,CG,CCC+,4
"Sep. 05, 2017",Republic of the Congo,CG,CCC+,4
"Jul. 03, 2013",Cyprus,CY,CCC+,4
"Dec. 20, 2012",Cyprus,CY,CCC+,4
"Jun. 15, 2009",Ecuador,EC,CCC+,4
"Apr. 06, 2006",Ecuador,EC,CCC+,4
"Nov. 01, 2005",Ecuador,EC,CCC+,4
"Oct. 04, 2005",Ecuador,EC,CCC+,4
"Aug. 23, 2005",Ecuador,EC,CCC+,4
"Jun. 20, 2005",Ecuador,EC,CCC+,4
"Sep. 18, 2003",Ecuador,EC,CCC+,4
"Feb. 05, 2003",Ecuador,EC,CCC+,4
"Dec. 04, 2001",Ecuador,EC,CCC+,4
"Apr. 02, 2001",Ecuador,EC,CCC+,4
"May. 09, 2013",Egypt,EG,CCC+,4
"May. 10, 2023",El Salvador,SV,CCC+,4
"Jun. 01, 2022",El Salvador,SV,CCC+,4
"Dec. 14, 2017",El Salvador,SV,CCC+,4
"Oct. 03, 2017",El Salvador,SV,CCC+,4
"Sep. 24, 2021",Ethiopia,ET,CCC+,4
"Aug. 05, 2022",Ghana,GH,CCC+,4
"Jul. 21, 2015",Greece,GR,CCC+,4
"Apr. 15, 2015",Greece,GR,CCC+,4
"Oct. 16, 2012",Grenada,GD,CCC+,4
"Apr. 02, 2007",Grenada,GD,CCC+,4
"Sep. 05, 2002",Indonesia,ID,CCC+,4
"Jul. 30, 2001",Indonesia,ID,CCC+,4
"May. 21, 2001",Indonesia,ID,CCC+,4
"Sep. 13, 1999",Indonesia,ID,CCC+,4
"Mar. 31, 1999",Indonesia,ID,CCC+,4
"Jul. 08, 1998",Indonesia,ID,CCC+,4
"May. 15, 1998",Indonesia,ID,CCC+,4
"Mar. 06, 2013",Jamaica,JM,CCC+,4
"Aug. 05, 2009",Jamaica,JM,CCC+,4
"Jan. 31, 2008",Lebanon,LB,CCC+,4
"Jun. 21, 2023",Mozambique,MZ,CCC+,4
"Jun. 20, 2023",Mozambique,MZ,CCC+,4
"Nov. 22, 2019",Mozambique,MZ,CCC+,4
"Dec. 22, 2022",Pakistan,PK,CCC+,4
"Dec. 19, 2008",Pakistan,PK,CCC+,4
"Oct. 06, 2008",Pakistan,PK,CCC+,4
"Aug. 27, 2021",Sri Lanka,LK,CCC+,4
"Dec. 11, 2020",Sri Lanka,LK,CCC+,4
"Apr. 01, 2020",Suriname,SR,CCC+,4
"Aug. 19, 2022",Ukraine,UA,CCC+,4
"May. 27, 2022",Ukraine,UA,CCC+,4
"Jan. 28, 2014",Ukraine,UA,CCC+,4
"Oct. 30, 2009",Ukraine,UA,CCC+,4
"Jul. 31, 2009",Ukraine,UA,CCC+,4
"Feb. 25, 2009",Ukraine,UA,CCC+,4
"Sep. 16, 2014",Venezuela,VE,CCC+,4
"Apr. 16, 2003",Venezuela,VE,CCC+,4
"Dec. 13, 2002",Venezuela,VE,CCC+,4
"Aug. 23, 2019",Zambia,ZM,CCC+,4
"Nov. 1, 2023",Burkina Faso,BF,CCC+,4
"Nov. 1, 2023",Cameroon,CM,CCC+,4
"Nov. 1, 2023",Mozambique,MZ,CCC+,4
"Nov. 1, 2023",Pakistan,PK,CCC+,4
"Nov. 1, 2023",Bolivia,BO,CCC+,4
"Mar. 04, 2022",Belarus,BY,CCC,3
"Apr. 16, 2020",Belize,BZ,CCC,3
"Apr. 05, 2005",Belize,BZ,CCC,3
"Nov. 01, 2005",Cameroon,CM,CCC,3
"Dec. 03, 2004",Cameroon,CM,CCC,3
"Jul. 07, 2017",Republic of the Congo,CG,CCC,3
"Apr. 10, 2013",Cyprus,CY,CCC,3
"Mar. 21, 2013",Cyprus,CY,CCC,3
"Dec. 18, 2003",Dominican Rep.,DO,CCC,3
"Jan. 19, 2007",Ecuador,EC,CCC,3
"Nov. 10, 2021",Ethiopia,ET,CCC,3
"Jun. 10, 2015",Greece,GR,CCC,3
"Aug. 07, 2012",Greece,GR,CCC,3
"May. 02, 2012",Greece,GR,CCC,3
"Jun. 13, 2011",Greece,GR,CCC,3
"Nov. 02, 2001",Indonesia,ID,CCC,3
"Nov. 02, 2009",Jamaica,JM,CCC,3
"Nov. 15, 2019",Lebanon,LB,CCC,3
"Aug. 05, 2016",Mozambique,MZ,CCC,3
"May. 27, 2016",Mozambique,MZ,CCC,3
"Nov. 14, 2008",Pakistan,PK,CCC,3
"Jul. 14, 1998",Pakistan,PK,CCC,3
"Aug. 17, 1998",Russia,RU,CCC,3
"Aug. 01, 2008",Seychelles,SC,CCC,3
"Jan. 12, 2022",Sri Lanka,LK,CCC,3
"Jul. 16, 2020",Suriname,SR,CCC,3
"Apr. 06, 2023",Ukraine,UA,CCC,3
"Jul. 11, 2014",Ukraine,UA,CCC,3
"Feb. 21, 2014",Ukraine,UA,CCC,3
"Feb. 11, 2003",Uruguay,UY,CCC,3
"Feb. 09, 2015",Venezuela,VE,CCC,3
"Feb. 21, 2020",Zambia,ZM,CCC,3
"Nov. 1, 2023",Ethiopia,ET,CCC,3
"Nov. 1, 2023",Ukraine,UA,CCC,3
"Jun. 13, 2023",Argentina,AR,CCC-,2
"Jun. 08, 2023",Argentina,AR,CCC-,2
"Mar. 29, 2023",Argentina,AR,CCC-,2
"Jan. 21, 2020",Argentina,AR,CCC-,2
"Jan. 07, 2020",Argentina,AR,CCC-,2
"Aug. 30, 2019",Argentina,AR,CCC-,2
"Jul. 01, 2014",Argentina,AR,CCC-,2
"Jun. 17, 2014",Argentina,AR,CCC-,2
"Feb. 29, 2012",Belize,BZ,CCC-,2
"Apr. 06, 2006",Belize,BZ,CCC-,2
"Nov. 01, 2005",Belize,BZ,CCC-,2
"Jun. 01, 2005",Belize,BZ,CCC-,2
"Mar. 25, 2020",Ecuador,EC,CCC-,2
"Nov. 14, 2008",Ecuador,EC,CCC-,2
"Apr. 11, 2017",El Salvador,SV,CCC-,2
"Jun. 29, 2015",Greece,GR,CCC-,2
"Oct. 12, 1998",Pakistan,PK,CCC-,2
"Mar. 03, 2022",Russia,RU,CCC-,2
"Sep. 16, 1998",Russia,RU,CCC-,2
"Dec. 19, 2014",Ukraine,UA,CCC-,2
"Jul. 11, 2017",Venezuela,VE,CCC-,2
"Sep. 25, 2020",Zambia,ZM,CCC-,2
"Nov. 1, 2023",Argentina,AR,CCC-,2
"Dec. 30, 2019",Argentina,AR,CC,1
"Oct. 30, 2001",Argentina,AR,CC,1
"May. 05, 2022",Belarus,BY,CC,1
"Feb. 25, 2021",Belize,BZ,CC,1
"Jun. 30, 2020",Belize,BZ,CC,1
"Feb. 21, 2017",Belize,BZ,CC,1
"Nov. 23, 2016",Belize,BZ,CC,1
"Aug. 14, 2012",Belize,BZ,CC,1
"Aug. 04, 2006",Belize,BZ,CC,1
"Feb. 02, 2004",Dominican Rep.,DO,CC,1
"May. 05, 2017",El Salvador,SV,CC,1
"Dec. 06, 2022",Ghana,GH,CC,1
"Jul. 27, 2011",Greece,GR,CC,1
"Feb. 21, 2020",Lebanon,LB,CC,1
"Nov. 04, 2016",Mozambique,MZ,CC,1
"Mar. 15, 2016",Mozambique,MZ,CC,1
"Dec. 03, 1998",Pakistan,PK,CC,1
"Mar. 17, 2022",Russia,RU,CC,1
"Apr. 13, 2022",Sri Lanka,LK,CC,1
"Jul. 29, 2022",Ukraine,UA,CC,1
"Apr. 10, 2015",Ukraine,UA,CC,1
"Apr. 10, 2003",Uruguay,UY,CC,1
"Nov. 03, 2017",Venezuela,VE,CC,1
"Apr. 07, 2020",Argentina,AR,D,0
"Dec. 20, 2019",Argentina,AR,D,0
"Aug. 29, 2019",Argentina,AR,D,0
"Apr. 15, 2016",Argentina,AR,D,0
"Feb. 03, 2016",Argentina,AR,D,0
"Jul. 30, 2014",Argentina,AR,D,0
"Feb. 12, 2002",Argentina,AR,D,0
"Nov. 06, 2001",Argentina,AR,D,0
"Nov. 16, 2018",Barbados,BB,D,0
"Aug. 07, 2018",Barbados,BB,D,0
"Jun. 06, 2018",Barbados,BB,D,0
"Aug. 03, 2022",Belarus,BY,D,0
"May. 24, 2021",Belize,BZ,D,0
"Aug. 12, 2020",Belize,BZ,D,0
"Mar. 17, 2017",Belize,BZ,D,0
"Aug. 21, 2012",Belize,BZ,D,0
"Dec. 07, 2006",Belize,BZ,D,0
"Aug. 08, 2023",Cameroon,CM,D,0
"Aug. 01, 2017",Republic of the Congo,CG,D,0
"Aug. 02, 2016",Republic of the Congo,CG,D,0
"Jun. 28, 2013",Cyprus,CY,D,0
"Feb. 01, 2005",Dominican Rep.,DO,D,0
"Apr. 13, 2020",Ecuador,EC,D,0
"Dec. 15, 2008",Ecuador,EC,D,0
"Jul. 31, 2000",Ecuador,EC,D,0
"May. 09, 2023",El Salvador,SV,D,0
"Oct. 02, 2017",El Salvador,SV,D,0
"Apr. 20, 2017",El Salvador,SV,D,0
"Feb. 24, 2023",Ghana,GH,D,0
"Dec. 20, 2022",Ghana,GH,D,0
"Dec. 05, 2012",Greece,GR,D,0
"Feb. 27, 2012",Greece,GR,D,0
"Oct. 31, 2014",Grenada,GD,D,0
"Mar. 12, 2013",Grenada,GD,D,0
"Oct. 08, 2012",Grenada,GD,D,0
"Nov. 01, 2005",Grenada,GD,D,0
"Dec. 30, 2004",Grenada,GD,D,0
"Apr. 23, 2002",Indonesia,ID,D,0
"Apr. 17, 2000",Indonesia,ID,D,0
"Mar. 30, 1999",Indonesia,ID,D,0
"Feb. 12, 2013",Jamaica,JM,D,0
"Jan. 14, 2010",Jamaica,JM,D,0
"Mar. 11, 2020",Lebanon,LB,D,0
"Apr. 06, 2017",Mozambique,MZ,D,0
"Jan. 18, 2017",Mozambique,MZ,D,0
"Apr. 01, 2016",Mozambique,MZ,D,0
"Jul. 09, 1999",Pakistan,PK,D,0
"Jan. 29, 1999",Pakistan,PK,D,0
"Apr. 27, 2004",Paraguay,PY,D,0
"Dec. 23, 2003",Paraguay,PY,D,0
"Feb. 13, 2003",Paraguay,PY,D,0
"Apr. 08, 2022",Russia,RU,D,0
"Jul. 27, 2000",Russia,RU,D,0
"Feb. 15, 2000",Russia,RU,D,0
"May. 07, 1999",Russia,RU,D,0
"Jan. 27, 1999",Russia,RU,D,0
"Aug. 07, 2008",Seychelles,SC,D,0
"Sep. 25, 2023",Sri Lanka,LK,D,0
"Sep. 19, 2023",Sri Lanka,LK,D,0
"Jul. 21, 2023",Sri Lanka,LK,D,0
"Apr. 25, 2022",Sri Lanka,LK,D,0
"Jun. 03, 2021",Suriname,SR,D,0
"Nov. 06, 2020",Suriname,SR,D,0
"Jul. 13, 2020",Suriname,SR,D,0
"Aug. 12, 2022",Ukraine,UA,D,0
"Sep. 25, 2015",Ukraine,UA,D,0
"May. 16, 2003",Uruguay,UY,D,0
"May. 30, 2018",Venezuela,VE,D,0
"Nov. 13, 2017",Venezuela,VE,D,0
"Jan. 18, 2005",Venezuela,VE,D,0
"Feb. 18, 2022",Zambia,ZM,D,0
"Oct. 21, 2020",Zambia,ZM,D,0
"Nov. 1, 2023",Ghana,GH,D,0
"Nov. 1, 2023",Lebanon,LB,D,0
"Nov. 1, 2023",Sri Lanka,LK,D,0
"Nov. 1, 2023",Suriname,SR,D,0
"Nov. 1, 2023",Zambia,ZM,D,0