ST_CASE,STATENAME,LATITUDE,LONGITUD,FATALS,V_CONFIGNAME,year
490023,Utah,40.21851944,-111.6686556,1,Truck Tractor/Semi-Trailer,2021
490025,Utah,40.28278889,-111.2355806,1,Truck Pulling Trailer(s),2021
490042,Utah,40.37339722,-111.8443833,1,"Single-Unit Truck (2- axle and GVWR more than 10,000 lbs)",2021
490044,Utah,37.51855278,-112.4960167,1,"Single-Unit Truck (2- axle and GVWR more than 10,000 lbs)",2021
490050,Utah,37.12491667,-111.9761556,1,"Single-Unit Truck (2- axle and GVWR more than 10,000 lbs)",2021
490054,Utah,38.75041389,-112.5708222,1,"Single-Unit Truck (2- axle and GVWR more than 10,000 lbs)",2021
490056,Utah,40.43168611,-111.8211722,1,"Single-Unit Truck (2- axle and GVWR more than 10,000 lbs)",2021
490062,Utah,40.888275,-111.4014944,1,Truck Pulling Trailer(s),2021
490069,Utah,39.02026667,-112.303875,1,Truck Tractor/Double,2021
490071,Utah,39.01160833,-112.3088583,1,Truck Pulling Trailer(s),2021
490082,Utah,38.31277778,-112.3958333,1,Single-Unit Truck (3 or more axles),2021
490088,Utah,40.58786944,-112.0292667,1,"Single-Unit Truck (2- axle and GVWR more than 10,000 lbs)",2021
490095,Utah,39.94768056,-112.1298806,1,Truck Pulling Trailer(s),2021
490104,Utah,37.22566389,-113.2818083,1,Truck Tractor/Semi-Trailer,2021
490106,Utah,38.97181944,-111.1809917,1,Single-Unit Truck (3 or more axles),2021
490109,Utah,41.24875,-111.8866,1,Truck Pulling Trailer(s),2021
490111,Utah,40.592425,-111.9020472,1,Truck Tractor/Semi-Trailer,2021
490111,Utah,40.592425,-111.9020472,1,Truck Tractor/Semi-Trailer,2021
490120,Utah,39.73118611,-110.8702556,1,"Single-Unit Truck (2- axle and GVWR more than 10,000 lbs)",2021
490120,Utah,39.73118611,-110.8702556,1,Truck Tractor/Semi-Trailer,2021
490121,Utah,41.76551389,-111.8585028,1,Single-Unit Truck (3 or more axles),2021
490127,Utah,41.26865833,-112.0283111,1,Truck Tractor/Semi-Trailer,2021
490128,Utah,40.74273889,-112.6315833,1,Truck Pulling Trailer(s),2021
490130,Utah,40.53583333,-111.4104472,1,"Single-Unit Truck (2- axle and GVWR more than 10,000 lbs)",2021
490144,Utah,40.21461389,-110.2184722,1,"Single-Unit Truck (2- axle and GVWR more than 10,000 lbs)",2021
490146,Utah,37.450125,-113.2292278,1,Truck Tractor/Semi-Trailer,2021
490149,Utah,39.31125,-110.9644167,1,Truck Tractor/Double,2021
490150,Utah,40.73248056,-113.5695472,1,Truck Tractor/Semi-Trailer,2021
490157,Utah,40.71888056,-112.0631722,1,"Single-Unit Truck (2- axle and GVWR more than 10,000 lbs)",2021
490157,Utah,40.71888056,-112.0631722,1,Truck Pulling Trailer(s),2021
490158,Utah,40.35246944,-111.7724889,1,Truck Tractor/Semi-Trailer,2021
490161,Utah,40.56956667,-111.8997111,1,Truck Tractor/Semi-Trailer,2021
490163,Utah,40.35461944,-111.77635,1,Truck Pulling Trailer(s),2021
490178,Utah,41.788975,-111.6460639,1,Truck Pulling Trailer(s),2021
490181,Utah,41.56071111,-112.0697972,1,Truck Pulling Trailer(s),2021
490186,Utah,37.68476389,-113.1619389,1,Single-Unit Truck (3 or more axles),2021
490190,Utah,40.72587778,-112.0221,1,Truck Tractor/Semi-Trailer,2021
490190,Utah,40.72587778,-112.0221,1,Truck Tractor/Semi-Trailer,2021
490192,Utah,41.04231667,-111.9364444,1,"Single-Unit Truck (2- axle and GVWR more than 10,000 lbs)",2021
490195,Utah,41.24136389,-111.9785,1,Truck Tractor/Semi-Trailer,2021
490198,Utah,40.21296944,-110.3892972,1,Truck Tractor/Semi-Trailer,2021
490202,Utah,41.27755278,-111.9691806,1,"Single-Unit Truck (2- axle and GVWR more than 10,000 lbs)",2021
490208,Utah,40.45558889,-109.5378778,1,Truck Pulling Trailer(s),2021
490209,Utah,39.33796389,-112.6064222,1,Truck Pulling Trailer(s),2021
490225,Utah,41.95175,-111.4927583,1,"Single-Unit Truck (2- axle and GVWR more than 10,000 lbs)",2021
490236,Utah,40.62229444,-112.3592722,1,Single-Unit Truck (3 or more axles),2021
490243,Utah,40.3969,-111.795775,1,"Single-Unit Truck (2- axle and GVWR more than 10,000 lbs)",2021
490254,Utah,40.63179444,-111.8339167,1,Truck Tractor/Semi-Trailer,2021
490263,Utah,38.94885,-110.3191333,1,Truck Tractor/Double,2021
490263,Utah,38.94885,-110.3191333,1,Truck Tractor/Semi-Trailer,2021
490270,Utah,39.33867222,-112.0810722,1,Truck Pulling Trailer(s),2021
490270,Utah,39.33867222,-112.0810722,1,Truck Tractor/Semi-Trailer,2021
490283,Utah,41.79672778,-112.1747611,1,Truck Tractor/Semi-Trailer,2021
490295,Utah,40.72935,-111.9047028,1,Truck Tractor/Semi-Trailer,2021
490311,Utah,41.49838889,-112.0160722,1,Truck Tractor/Double,2021
490007,Utah,39.24215833,-112.1249722,1,Truck Tractor/Semi-Trailer,2022
490014,Utah,40.04196944,-111.54405,1,Truck Pulling Trailer(s),2022
490016,Utah,38.92381389,-110.4479139,1,Truck Tractor/Semi-Trailer,2022
490019,Utah,40.61964444,-109.4759028,1,Truck Tractor/Semi-Trailer,2022
490020,Utah,40.03141667,-111.7568444,1,Single-Unit Truck (3 or more axles),2022
490021,Utah,40.719075,-111.9861361,1,"Single-Unit Truck (2- axle and GVWR more than 10,000 lbs)",2022
490025,Utah,41.20473889,-112.0298611,1,Single-Unit Truck (3 or more axles),2022
490031,Utah,40.60902778,-112.0335,1,"Single-Unit Truck (2- axle and GVWR more than 10,000 lbs)",2022
490035,Utah,40.25684722,-112.7403306,1,"Single-Unit Truck (2- axle and GVWR more than 10,000 lbs)",2022
490037,Utah,41.10345833,-111.9598889,1,"Single-Unit Truck (2- axle and GVWR more than 10,000 lbs)",2022
490038,Utah,38.732875,-112.1197111,1,Truck Tractor/Semi-Trailer,2022
490042,Utah,38.86292778,-109.8072583,1,Truck Tractor/Semi-Trailer,2022
490044,Utah,40.96171389,-111.8928194,1,"Single-Unit Truck (2- axle and GVWR more than 10,000 lbs)",2022
490049,Utah,40.739275,-113.8408556,1,Truck Tractor/Triple,2022
490063,Utah,41.24274167,-112.0926139,1,"Single-Unit Truck (2- axle and GVWR more than 10,000 lbs)",2022
490070,Utah,40.12303333,-111.6436,1,Truck Tractor/Semi-Trailer,2022
490076,Utah,40.55878056,-111.8906028,1,"Single-Unit Truck (2- axle and GVWR more than 10,000 lbs)",2022
490104,Utah,40.35148056,-110.1885194,1,Single-Unit Truck (3 or more axles),2022
490108,Utah,40.74131389,-113.9490472,1,Truck Tractor/Semi-Trailer,2022
490110,Utah,37.09306111,-113.1165833,1,"Single-Unit Truck (2- axle and GVWR more than 10,000 lbs)",2022
490113,Utah,40.67300833,-111.8411667,1,Truck Tractor/Semi-Trailer,2022
490148,Utah,40.83763056,-111.9340139,1,Truck Pulling Trailer(s),2022
490150,Utah,37.14073889,-113.4853972,1,Truck Tractor/Double,2022
490155,Utah,38.04078056,-112.5505806,1,"Single-Unit Truck (2- axle and GVWR more than 10,000 lbs)",2022
490158,Utah,40.62540833,-111.7431417,1,Single-Unit Truck (3 or more axles),2022
490171,Utah,41.13872222,-112.02525,1,"Single-Unit Truck (2- axle and GVWR more than 10,000 lbs)",2022
490185,Utah,38.44098889,-109.430075,1,Truck Pulling Trailer(s),2022
490191,Utah,40.08286944,-111.5907194,1,Truck Tractor/Semi-Trailer,2022
490195,Utah,38.83562222,-109.7897639,1,Truck Tractor/Semi-Trailer,2022
490204,Utah,40.24118056,-111.1816,1,Truck Tractor/Semi-Trailer,2022
490207,Utah,41.31968611,-112.0265444,1,Truck Tractor/Semi-Trailer,2022
490213,Utah,40.69973056,-111.9012694,1,"Single-Unit Truck (2- axle and GVWR more than 10,000 lbs)",2022
490214,Utah,41.6865,-112.1544972,1,Truck Tractor/Semi-Trailer,2022
490217,Utah,38.54844444,-109.5231667,1,Truck Pulling Trailer(s),2022
490226,Utah,40.01336944,-111.4916722,1,Truck Tractor/Semi-Trailer,2022
490227,Utah,38.39379444,-109.4529778,1,Truck Tractor/Semi-Trailer,2022
490231,Utah,39.3395,-111.5109778,1,"Single-Unit Truck (2- axle and GVWR more than 10,000 lbs)",2022
490238,Utah,40.35606944,-111.2808806,1,"Single-Unit Truck (2- axle and GVWR more than 10,000 lbs)",2022
490243,Utah,37.51775,-112.7118944,1,Truck Pulling Trailer(s),2022
490247,Utah,40.63018889,-111.8684611,1,Truck Tractor/Semi-Trailer,2022
490249,Utah,40.41352222,-111.9232222,1,Single-Unit Truck (3 or more axles),2022
490254,Utah,40.15789722,-111.5846667,1,"Single-Unit Truck (2- axle and GVWR more than 10,000 lbs)",2022
490261,Utah,40.84366389,-111.9152,1,Truck Tractor/Semi-Trailer,2022
490268,Utah,39.92809167,-111.0752389,1,Truck Pulling Trailer(s),2022
490286,Utah,37.12896389,-109.9006389,1,Truck Tractor/Semi-Trailer,2022
490288,Utah,41.78208889,-112.0243194,1,Truck Tractor/Semi-Trailer,2022
490290,Utah,41.73509444,-111.8349917,1,Single-Unit Truck (3 or more axles),2022
490301,Utah,40.68218056,-112.0302306,1,Truck Tractor/Semi-Trailer,2022
490019,Utah,40.24777222,-110.2371556,1,Truck Pulling Trailer(s),2020
490021,Utah,37.56541667,-113.18675,1,Single-Unit Truck (3 or more axles),2020
490031,Utah,37.05831944,-113.5864944,1,"Single-Unit Truck (2- axle and GVWR more than 10,000 lbs)",2020
490048,Utah,40.74881389,-111.7209917,1,Truck Tractor (Bobtail),2020
490052,Utah,40.72425556,-111.9208833,1,Truck Tractor/Semi-Trailer,2020
490055,Utah,38.52688889,-112.6113556,1,Truck Tractor/Semi-Trailer,2020
490065,Utah,40.92545556,-111.8913667,1,Truck Tractor/Semi-Trailer,2020
490072,Utah,37.96365,-109.3556917,1,"Single-Unit Truck (2- axle and GVWR more than 10,000 lbs)",2020
490072,Utah,37.96365,-109.3556917,1,Truck Pulling Trailer(s),2020
490073,Utah,37.68478056,-113.1619556,1,Truck Pulling Trailer(s),2020
490074,Utah,39.81433333,-111.5063889,1,Truck Tractor/Semi-Trailer,2020
490090,Utah,39.97547778,-111.8465472,1,Truck Pulling Trailer(s),2020
490094,Utah,40.03516111,-111.7531556,1,Truck Pulling Trailer(s),2020
490099,Utah,39.52447778,-111.0366833,1,"Single-Unit Truck (2- axle and GVWR more than 10,000 lbs)",2020
490102,Utah,40.08612778,-111.5928806,1,Truck Tractor/Semi-Trailer,2020
490103,Utah,40.14428333,-111.60245,1,"Truck More Than 10,000 lbs, Cannot Classify",2020
490118,Utah,40.20951944,-110.8268528,1,Truck Tractor/Double,2020
490128,Utah,40.458375,-111.9150417,1,Truck Tractor/Semi-Trailer,2020
490134,Utah,40.77105278,-112.9800028,1,Truck Tractor/Semi-Trailer,2020
490139,Utah,40.72759167,-113.3381694,1,Truck Tractor/Double,2020
490144,Utah,39.98163333,-111.3561667,1,Truck Tractor/Double,2020
490145,Utah,41.13642778,-111.7878889,1,Truck Tractor/Semi-Trailer,2020
490167,Utah,41.17618889,-112.026,1,"Single-Unit Truck (2- axle and GVWR more than 10,000 lbs)",2020
490169,Utah,37.97456667,-109.3548417,1,"Truck More Than 10,000 lbs, Cannot Classify",2020
490169,Utah,37.97456667,-109.3548417,1,Truck Pulling Trailer(s),2020
490170,Utah,40.72788889,-113.3621806,1,"Truck More Than 10,000 lbs, Cannot Classify",2020
490178,Utah,40.74046944,-111.9492556,1,Truck Tractor/Semi-Trailer,2020
490184,Utah,41.63654722,-111.1794306,1,Truck Tractor/Double,2020
490209,Utah,40.68781667,-111.9513917,1,Truck Tractor/Semi-Trailer,2020
490224,Utah,37.76470278,-113.0553889,1,Single-Unit Truck (3 or more axles),2020
490228,Utah,41.54688333,-112.112525,1,Truck Pulling Trailer(s),2020
490233,Utah,41.78543056,-112.1251194,1,Truck Tractor/Semi-Trailer,2020
490251,Utah,38.98764444,-111.1702056,1,Truck Tractor/Double,2020
490264,Utah,40.76464722,-112.0250194,1,Truck Tractor/Semi-Trailer,2020
490265,Utah,40.20871389,-111.1033972,1,Truck Tractor/Double,2020
490272,Utah,39.97999444,-112.2607778,1,Truck Tractor/Semi-Trailer,2020
490002,Utah,41.33058333,-111.8252139,1,Single-Unit Truck (3 or more axles),2019
490004,Utah,38.48353611,-112.6171111,1,Truck Tractor/Semi-Trailer,2019
490008,Utah,40.18237778,-111.042525,1,Truck Pulling Trailer(s),2019
490011,Utah,40.54508611,-112.0226722,1,"Single-Unit Truck (2- axle and GVWR more than 10,000 lbs)",2019
490012,Utah,41.90300278,-111.8147556,1,Truck Tractor/Semi-Trailer,2019
490036,Utah,37.04295833,-112.5263944,1,"Single-Unit Truck (2- axle and GVWR more than 10,000 lbs)",2019
490039,Utah,38.05658889,-112.6967333,1,Truck Tractor/Triple,2019
490042,Utah,39.23960278,-110.338875,1,Truck Tractor/Semi-Trailer,2019
490042,Utah,39.23960278,-110.338875,1,Truck Tractor/Double,2019
490045,Utah,39.71531111,-111.7247889,1,Truck Pulling Trailer(s),2019
490049,Utah,41.4536,-112.05565,1,Truck Tractor/Double,2019
490051,Utah,39.003175,-110.2726639,1,Truck Tractor/Semi-Trailer,2019
490069,Utah,40.57439444,-111.4340306,1,Truck Tractor/Semi-Trailer,2019
490072,Utah,39.92781111,-111.0744778,1,"Truck More Than 10,000 lbs, Cannot Classify",2019
490085,Utah,37.86220833,-109.34025,1,Truck Tractor/Semi-Trailer,2019
490093,Utah,39.33076389,-112.6522,1,Truck Pulling Trailer(s),2019
490094,Utah,40.24118889,-111.1815306,1,Truck Tractor/Double,2019
490102,Utah,40.03168056,-111.6538944,1,"Single-Unit Truck (2- axle and GVWR more than 10,000 lbs)",2019
490104,Utah,41.273925,-112.0850139,1,"Single-Unit Truck (2- axle and GVWR more than 10,000 lbs)",2019
490110,Utah,40.37993056,-111.9929194,1,"Single-Unit Truck (2- axle and GVWR more than 10,000 lbs)",2019
490113,Utah,40.30191667,-109.8577,1,Single-Unit Truck (3 or more axles),2019
490119,Utah,41.17934167,-112.1226611,1,Truck Tractor/Semi-Trailer,2019
490120,Utah,40.30186667,-109.8604722,1,Truck Tractor/Semi-Trailer,2019
490121,Utah,39.77266944,-110.9109139,1,Truck Tractor/Semi-Trailer,2019
490126,Utah,40.43146667,-111.8867889,1,Truck Tractor/Double,2019
490133,Utah,38.98884167,-110.245525,1,Truck Tractor/Semi-Trailer,2019
490133,Utah,38.98884167,-110.245525,1,Truck Tractor/Semi-Trailer,2019
490134,Utah,41.31379444,-112.0258278,1,Truck Tractor/Semi-Trailer,2019
490135,Utah,41.65028889,-112.1127917,1,Truck Tractor/Semi-Trailer,2019
490138,Utah,40.72506111,-112.5700528,1,Truck Tractor/Semi-Trailer,2019
490140,Utah,37.16038056,-113.4357722,1,"Single-Unit Truck (2- axle and GVWR more than 10,000 lbs)",2019
490149,Utah,41.35086944,-111.8086583,1,Single-Unit Truck (3 or more axles),2019
490150,Utah,40.47595556,-111.9055444,1,Truck Tractor/Double,2019
490154,Utah,41.16563333,-112.0214694,1,Truck Tractor/Semi-Trailer,2019
490154,Utah,41.16563333,-112.0214694,1,Truck Pulling Trailer(s),2019
490167,Utah,40.16490833,-110.1540111,1,Truck Tractor/Double,2019
490169,Utah,40.36978333,-111.2922722,1,"Single-Unit Truck (2- axle and GVWR more than 10,000 lbs)",2019
490187,Utah,40.73048611,-111.4991611,1,"Truck More Than 10,000 lbs, Cannot Classify",2019
490195,Utah,41.16961944,-112.02005,1,Truck Tractor/Semi-Trailer,2019
490196,Utah,40.48086944,-111.9014917,1,Truck Tractor/Semi-Trailer,2019
490201,Utah,39.33106944,-110.3687389,1,Truck Tractor/Semi-Trailer,2019
490209,Utah,40.72615833,-111.9046556,1,Truck Tractor/Semi-Trailer,2019
490227,Utah,41.79215,-112.2832722,1,Truck Tractor/Semi-Trailer,2019
490001,Utah,40.45459167,-109.5447333,1,"Single-Unit Truck (2- axle and GVWR more than 10,000 lbs)",2018
490003,Utah,39.67524167,-111.8463417,1,Single-Unit Truck (3 or more axles),2018
490006,Utah,40.72566111,-111.9161889,1,Truck Tractor/Semi-Trailer,2018
490028,Utah,40.72575278,-111.9659833,1,Truck Tractor/Semi-Trailer,2018
490029,Utah,40.09015556,-111.697625,1,Truck Tractor/Semi-Trailer,2018
490031,Utah,38.722,-109.71545,1,Truck Tractor/Semi-Trailer,2018
490069,Utah,41.01314444,-111.3689,1,Truck Tractor/Semi-Trailer,2018
490069,Utah,41.01314444,-111.3689,1,Truck Tractor/Semi-Trailer,2018
490069,Utah,41.01314444,-111.3689,1,Truck Tractor/Semi-Trailer,2018
490074,Utah,37.04558056,-112.2113222,1,Truck Tractor/Double,2018
490080,Utah,37.20985833,-109.1707083,1,"Single-Unit Truck (2- axle and GVWR more than 10,000 lbs)",2018
490083,Utah,40.63926944,-111.9766639,1,Truck Tractor/Semi-Trailer,2018
490084,Utah,38.76913611,-112.1005611,1,"Single-Unit Truck (2- axle and GVWR more than 10,000 lbs)",2018
490090,Utah,40.57321667,-111.9770889,1,Single-Unit Truck (3 or more axles),2018
490103,Utah,40.28291944,-111.6584917,1,"Single-Unit Truck (2- axle and GVWR more than 10,000 lbs)",2018
490104,Utah,39.97559722,-111.7733833,1,"Single-Unit Truck (2- axle and GVWR more than 10,000 lbs)",2018
490115,Utah,40.62376944,-112.2930167,1,Truck Pulling Trailer(s),2018
490121,Utah,37.13227222,-113.5848444,1,"Single-Unit Truck (2- axle and GVWR more than 10,000 lbs)",2018
490126,Utah,41.331575,-112.0348472,1,Truck Tractor/Semi-Trailer,2018
490133,Utah,38.84731667,-111.0140306,1,Truck Tractor/Semi-Trailer,2018
490137,Utah,38.32981944,-109.0896806,1,Single-Unit Truck (3 or more axles),2018
490140,Utah,41.14127778,-111.7878028,1,"Single-Unit Truck (2- axle and GVWR more than 10,000 lbs)",2018
490151,Utah,38.353425,-111.5739222,1,"Truck More Than 10,000 lbs, Cannot Classify",2018
490156,Utah,40.745375,-112.1830944,1,Truck Tractor/Semi-Trailer,2018
490158,Utah,40.37626667,-111.8865167,1,"Truck More Than 10,000 lbs, Cannot Classify",2018
490168,Utah,39.93333333,-111.1544,1,Truck Tractor/Semi-Trailer,2018
490179,Utah,41.28142778,-112.0261333,1,Truck Tractor/Semi-Trailer,2018
490184,Utah,40.562225,-111.9671528,1,"Single-Unit Truck (2- axle and GVWR more than 10,000 lbs)",2018
490199,Utah,40.54803611,-111.4202333,1,Truck Tractor/Double,2018
490203,Utah,40.17773333,-110.5109222,1,Truck Tractor/Double,2018
490208,Utah,41.94668056,-111.3933972,1,Truck Tractor/Semi-Trailer,2018
490211,Utah,38.85145,-110.8833278,1,Truck Tractor/Semi-Trailer,2018
490228,Utah,40.36571944,-111.7511917,1,"Single-Unit Truck (2- axle and GVWR more than 10,000 lbs)",2018
490239,Utah,40.65406111,-112.0760833,1,Truck Pulling Trailer(s),2018
490001,Utah,37.54651667,-113.6853333,1,Truck Tractor/Semi-Trailer,2017
490010,Utah,38.71319167,-109.7041472,1,Truck Tractor/Semi-Trailer,2017
490011,Utah,40.23009167,-111.1207611,1,"Single-Unit Truck (2- axle and GVWR more than 10,000 lbs)",2017
490023,Utah,41.38543056,-112.0417778,1,Truck Tractor/Semi-Trailer,2017
490027,Utah,41.01235556,-111.3699694,1,Truck Tractor/Semi-Trailer,2017
490030,Utah,40.75309444,-111.6259,1,Truck Tractor/Semi-Trailer,2017
490030,Utah,40.75309444,-111.6259,1,Truck Tractor/Double,2017
490031,Utah,40.29889722,-111.7256528,1,"Single-Unit Truck (2- axle and GVWR more than 10,000 lbs)",2017
490039,Utah,40.55128056,-111.8962917,1,"Single-Unit Truck (2- axle and GVWR more than 10,000 lbs)",2017
490039,Utah,40.55128056,-111.8962917,1,"Truck More Than 10,000 lbs, Cannot Classify",2017
490046,Utah,40.74331944,-111.9896583,1,Truck Tractor/Semi-Trailer,2017
490046,Utah,40.74331944,-111.9896583,1,"Single-Unit Truck (2- axle and GVWR more than 10,000 lbs)",2017
490053,Utah,37.25281111,-113.6306583,1,Truck Tractor/Double,2017
490055,Utah,40.43939444,-111.4908944,1,Truck Tractor/Semi-Trailer,2017
490058,Utah,37.73285278,-113.7213444,1,Truck Tractor/Semi-Trailer,2017
490064,Utah,38.54425,-112.6086028,1,Truck Tractor/Semi-Trailer,2017
490081,Utah,40.72916944,-113.3886306,1,"Truck More Than 10,000 lbs, Cannot Classify",2017
490081,Utah,40.72916944,-113.3886306,1,Truck Tractor/Semi-Trailer,2017
490082,Utah,41.84903333,-112.1722861,1,Truck Tractor/Double,2017
490084,Utah,40.65673056,-111.4574056,1,Truck Tractor/Double,2017
490089,Utah,37.93576111,-109.3461611,1,Truck Tractor/Double,2017
490105,Utah,40.61583611,-112.3682417,1,Truck Tractor/Semi-Trailer,2017
490106,Utah,39.96882222,-112.25495,1,Truck Tractor/Double,2017
490119,Utah,39.53384167,-110.8167861,1,Truck Tractor/Semi-Trailer,2017
490127,Utah,39.57461667,-110.8160389,1,Truck Tractor/Double,2017
490141,Utah,39.28241944,-112.4612111,1,Truck Tractor/Semi-Trailer,2017
490144,Utah,40.72524722,-111.9862583,1,Truck Tractor/Semi-Trailer,2017
490152,Utah,40.86141944,-111.8993528,1,"Single-Unit Truck (2- axle and GVWR more than 10,000 lbs)",2017
490156,Utah,40.15833611,-111.7110889,1,Truck Pulling Trailer(s),2017
490157,Utah,40.34230278,-111.7567139,1,"Truck More Than 10,000 lbs, Cannot Classify",2017
490159,Utah,40.29756111,-111.663025,1,"Single-Unit Truck (2- axle and GVWR more than 10,000 lbs)",2017
490162,Utah,41.48652222,-112.0343861,1,Truck Tractor/Semi-Trailer,2017
490176,Utah,41.85629444,-111.5852972,1,Truck Tractor/Semi-Trailer,2017
490179,Utah,40.37298611,-111.8068833,1,"Single-Unit Truck (2- axle and GVWR more than 10,000 lbs)",2017
490190,Utah,39.58233333,-111.929825,1,Truck Tractor/Semi-Trailer,2017
490219,Utah,40.70631389,-111.9388917,1,Truck Pulling Trailer(s),2017
490249,Utah,40.19468889,-111.6487472,1,Truck Pulling Trailer(s),2017
490005,Utah,39.40238611,-111.9279222,1,"Truck More Than 10,000 lbs, Cannot Classify",2016
490005,Utah,39.40238611,-111.9279222,1,Truck Tractor/Semi-Trailer,2016
490016,Utah,38.42614444,-109.4276972,1,Truck Tractor/Semi-Trailer,2016
490016,Utah,38.42614444,-109.4276972,1,Truck Tractor/Semi-Trailer,2016
490034,Utah,39.06380833,-111.8207556,1,Truck Tractor/Double,2016
490053,Utah,40.10619167,-111.6803889,1,Truck Tractor/Semi-Trailer,2016
490055,Utah,40.73261944,-113.5770306,1,Truck Tractor/Double,2016
490070,Utah,40.73348889,-111.9168528,1,"Single-Unit Truck (2- axle and GVWR more than 10,000 lbs)",2016
490082,Utah,40.70481944,-112.0918167,1,Truck Pulling Trailer(s),2016
490084,Utah,41.84519167,-111.9004056,1,Truck Tractor/Semi-Trailer,2016
490124,Utah,38.92444167,-111.7708139,1,Truck Tractor/Semi-Trailer,2016
490127,Utah,40.526775,-111.8956778,1,"Single-Unit Truck (2- axle and GVWR more than 10,000 lbs)",2016
490131,Utah,39.81555556,-110.9387917,1,Truck Tractor/Semi-Trailer,2016
490162,Utah,40.74974722,-111.9093,1,Truck Tractor/Semi-Trailer,2016
490163,Utah,40.72876389,-111.9390222,1,Truck Tractor (Bobtail),2016
490165,Utah,40.72294722,-112.0249306,1,Truck Tractor/Semi-Trailer,2016
490181,Utah,40.39424722,-111.8408222,1,"Single-Unit Truck (2- axle and GVWR more than 10,000 lbs)",2016
490200,Utah,39.97781667,-111.348475,1,Truck Tractor/Semi-Trailer,2016
490204,Utah,39.535525,-110.5960556,1,"Single-Unit Truck (2- axle and GVWR more than 10,000 lbs)",2016
490218,Utah,40.47461944,-111.4417444,1,Truck Tractor/Semi-Trailer,2016
490219,Utah,40.077925,-111.5829222,1,Truck Tractor/Semi-Trailer,2016
490261,Utah,38.63801111,-112.6085611,1,Truck Tractor/Semi-Trailer,2016
490261,Utah,38.63801111,-112.6085611,1,Truck Tractor/Semi-Trailer,2016
490267,Utah,40.76393056,-112.7333278,1,"Single-Unit Truck (2- axle and GVWR more than 10,000 lbs)",2016
490003,Utah,41.31841111,-111.9918111,1,Truck Tractor/Semi-Trailer,2015
490023,Utah,39.61875,-110.8548056,1,Truck Pulling Trailer(s),2015
490025,Utah,37.03721944,-112.3670972,1,Truck Tractor/Double,2015
490035,Utah,40.42205,-111.8688028,1,Truck Tractor/Double,2015
490049,Utah,41.20505833,-112.00125,1,Truck Tractor/Semi-Trailer,2015
490059,Utah,38.60161111,-109.5757917,1,Truck Tractor (Bobtail),2015
490072,Utah,40.30623056,-112.1008972,1,"Single-Unit Truck (2- axle and GVWR more than 10,000 lbs)",2015
490074,Utah,40.59265278,-111.4366833,1,Truck Tractor/Double,2015
490102,Utah,39.64109444,-111.4202611,1,Truck Tractor/Semi-Trailer,2015
490104,Utah,38.60614167,-112.5083056,1,Truck Tractor/Semi-Trailer,2015
490123,Utah,40.75131944,-112.70495,1,Truck Tractor/Semi-Trailer,2015
490123,Utah,40.75131944,-112.70495,1,Truck Tractor/Semi-Trailer,2015
490123,Utah,40.75131944,-112.70495,1,Truck Tractor/Semi-Trailer,2015
490123,Utah,40.75131944,-112.70495,1,Truck Tractor/Semi-Trailer,2015
490123,Utah,40.75131944,-112.70495,1,Truck Tractor/Semi-Trailer,2015
490123,Utah,40.75131944,-112.70495,1,Truck Tractor/Semi-Trailer,2015
490126,Utah,41.55283611,-112.1185528,1,Truck Tractor/Semi-Trailer,2015
490130,Utah,40.732525,-112.0003306,1,Truck Tractor/Semi-Trailer,2015
490136,Utah,38.91316111,-110.5088611,1,Truck Tractor/Semi-Trailer,2015
490141,Utah,38.93301944,-111.7960111,1,"Truck More Than 10,000 lbs, Cannot Classify",2015
490158,Utah,41.05105556,-111.6185833,1,Truck Tractor/Double,2015
490173,Utah,38.98833889,-112.3275139,1,Truck Tractor/Semi-Trailer,2015
490177,Utah,37.18363611,-113.27505,1,Truck Tractor (Bobtail),2015
490202,Utah,41.875,-113.7520028,1,Single-Unit Truck (3 or more axles),2015
490204,Utah,40.76543611,-111.9391167,1,"Truck More Than 10,000 lbs, Cannot Classify",2015
490207,Utah,40.48921944,-111.9994444,1,Truck Tractor/Semi-Trailer,2015
490220,Utah,40.157025,-110.2552639,1,Truck Tractor/Double,2015
490244,Utah,40.63068333,-111.8505778,1,"Single-Unit Truck (2- axle and GVWR more than 10,000 lbs)",2015
490251,Utah,40.3064,-111.725675,1,"Single-Unit Truck (2- axle and GVWR more than 10,000 lbs)",2015
490256,Utah,41.15100833,-112.0255889,1,Truck Tractor/Semi-Trailer,2015
490257,Utah,41.49598056,-111.9616,1,Truck Tractor/Semi-Trailer,2015
490261,Utah,40.03826944,-111.5348611,1,Truck Tractor/Double,2015
490262,Utah,41.18789722,-112.0081028,1,Truck Tractor/Semi-Trailer,2015
490262,Utah,38.90611944,-109.8143667,2,Truck Tractor/Semi-Trailer,2021
490262,Utah,38.90611944,-109.8143667,2,Truck Tractor/Semi-Trailer,2021
490040,Utah,40.74679167,-111.9390861,2,Single-Unit Truck (3 or more axles),2022
490018,Utah,38.57329722,-109.5507806,2,"Single-Unit Truck (2- axle and GVWR more than 10,000 lbs)",2020
490114,Utah,38.86053889,-111.9689917,2,Truck Tractor/Semi-Trailer,2020
490202,Utah,38.76024444,-111.3702917,2,Truck Tractor/Semi-Trailer,2020
490256,Utah,40.25966667,-111.7040417,2,Truck Tractor/Semi-Trailer,2020
490029,Utah,40.19323333,-111.0109556,2,Single-Unit Truck (3 or more axles),2019
490043,Utah,39.60295556,-112.1421028,2,"Single-Unit Truck (2- axle and GVWR more than 10,000 lbs)",2019
490131,Utah,40.02173889,-110.5581944,2,"Truck More Than 10,000 lbs, Cannot Classify",2018
490022,Utah,41.78710833,-111.8337694,2,Single-Unit Truck (3 or more axles),2017
490052,Utah,39.05075833,-109.2658111,2,Truck Tractor/Semi-Trailer,2017
490052,Utah,39.05075833,-109.2658111,2,Truck Tractor/Semi-Trailer,2017
490122,Utah,40.16506389,-111.4984278,2,"Single-Unit Truck (2- axle and GVWR more than 10,000 lbs)",2016
490174,Utah,37.39163056,-113.2435917,2,Truck Tractor/Semi-Trailer,2016
490194,Utah,41.70271111,-111.8348889,2,"Single-Unit Truck (2- axle and GVWR more than 10,000 lbs)",2016
490227,Utah,40.77257222,-112.7996639,2,Truck Tractor/Semi-Trailer,2016
490227,Utah,40.77257222,-112.7996639,2,Truck Tractor/Double,2016
490042,Utah,37.00175278,-111.5730222,2,Truck Tractor/Semi-Trailer,2015
490093,Utah,40.75384167,-111.6229028,2,Truck Tractor/Semi-Trailer,2015
490167,Utah,41.18341944,-112.0131028,2,Truck Tractor/Semi-Trailer,2015
490217,Utah,38.23622222,-112.6499611,2,Truck Tractor/Semi-Trailer,2015
490140,Utah,40.47218333,-111.4455417,3,"Single-Unit Truck (2- axle and GVWR more than 10,000 lbs)",2021
490150,Utah,40.44163056,-111.9017028,3,Truck Tractor/Semi-Trailer,2015
490206,Utah,40.60598333,-111.4289278,6,Truck Tractor (Bobtail),2018
490138,Utah,38.83263611,-112.4816028,8,Truck Tractor/Semi-Trailer,2021